,Sink,Source,Time Class,Time Delta,Transmission Type,Weight
0,A/mallard/Interior Alaska/10BM12352R0/2010(H3N8),A/mallard/Interior Alaska/10BM12363R0/2010(H3N8),Direct Transmission,0,Intra-Species,7.999351
1,A/mallard/Interior Alaska/10BM12350R0/2010(H3N8),A/mallard/Interior Alaska/10BM12363R0/2010(H3N8),Direct Transmission,0,Intra-Species,8.0
2,A/mallard/Interior Alaska/10BM12370R0/2010(H3N8),A/mallard/Interior Alaska/10BM12363R0/2010(H3N8),Direct Transmission,0,Intra-Species,8.0
3,A/mallard/Interior Alaska/10BM12374R0/2010(H3N8),A/mallard/Interior Alaska/10BM12363R0/2010(H3N8),Direct Transmission,0,Intra-Species,8.0
4,A/mallard/Interior Alaska/10BM12383R0/2010(H3N8),A/mallard/Interior Alaska/10BM12363R0/2010(H3N8),Direct Transmission,0,Intra-Species,7.998842999999999
5,A/mallard/Interior Alaska/10BM12351R0/2010(H3N8),A/mallard/Interior Alaska/10BM12363R0/2010(H3N8),Direct Transmission,0,Intra-Species,7.999425
6,A/northern pintail/Interior Alaska/10BM10928R0/2010(H3N8),A/northern pintail/Interior Alaska/10BM10480R0/2010,Direct Transmission,2,Intra-Species,7.997363000000001
7,A/mallard/Interior Alaska/9BM2168/2009,A/mallard/Interior Alaska/9BM1958/2009,Direct Transmission,6,Intra-Species,7.998919
8,A/mallard/Interior Alaska/9BM1947/2009,A/mallard/Interior Alaska/9BM1958/2009,Direct Transmission,0,Intra-Species,8.0
9,A/mallard/Interior Alaska/9BM1962/2009,A/mallard/Interior Alaska/9BM1958/2009,Direct Transmission,0,Intra-Species,8.0
10,A/northern pintail/Interior Alaska/10BM00849R2/2010,A/northern pintail/Interior Alaska/9BM8459R0/2009(H3N1),Environmental Persistence,286,Intra-Species,7.9979359999999975
11,A/mallard/Interior Alaska/9BM9755R0/2009,A/northern pintail/Interior Alaska/9BM8459R0/2009(H3N1),Direct Transmission,4,Inter-Species,8.0
12,A/northern pintail/Interior Alaska/9BM10835R0/2009,A/northern pintail/Interior Alaska/9BM10813R0/2009,Direct Transmission,0,Intra-Species,7.983961999999999
13,A/northern pintail/Interior Alaska/9BM9663R0/2009(H4N6),A/northern pintail/Interior Alaska/9BM4583R0/2009,Environmental Persistence,16,Intra-Species,7.989619999999999
14,A/mallard/Interior Alaska/10BM12308R0/2010(H4N6),A/northern pintail/Interior Alaska/10BM04704R0/2010,Environmental Persistence,27,Inter-Species,7.992332000000001
15,A/mallard/Interior Alaska/10BM10176R0/2010,A/northern pintail/Interior Alaska/10BM04704R0/2010,Environmental Persistence,21,Inter-Species,7.999567
16,A/northern pintail/Interior Alaska/10BM12221R0/2010(H4N6),A/northern pintail/Interior Alaska/10BM04704R0/2010,Environmental Persistence,26,Intra-Species,7.970192999999999
17,A/mallard/Interior Alaska/10BM10864R0/2010,A/northern pintail/Interior Alaska/10BM04704R0/2010,Environmental Persistence,23,Inter-Species,7.995725999999999
18,A/northern pintail/Interior Alaska/10BM08514R0/2010(H4N6),A/northern pintail/Interior Alaska/10BM04704R0/2010,Environmental Persistence,17,Intra-Species,7.9953850000000015
19,A/mallard/Interior Alaska/9BM12326R0/2009,A/northern pintail/Interior Alaska/9BM11757R0/2009,Direct Transmission,14,Inter-Species,7.976176
20,A/northern pintail/Interior Alaska/9BM9973R0/2009(H3N1),A/mallard/Interior Alaska/9BM9755R0/2009,Direct Transmission,1,Inter-Species,8.0
21,A/northern pintail/Interior Alaska/9BM11325R0/2009(H3N1),A/mallard/Interior Alaska/9BM9755R0/2009,Direct Transmission,4,Inter-Species,7.999567999999999
22,A/northern pintail/Interior Alaska/9BM10525R2/2009(H3N1),A/mallard/Interior Alaska/9BM9755R0/2009,Direct Transmission,2,Inter-Species,8.0
23,A/northern pintail/Interior Alaska/10BM00849R2/2010,A/mallard/Interior Alaska/9BM9755R0/2009,Environmental Persistence,282,Inter-Species,7.9979359999999975
24,A/northern pintail/Interior Alaska/9BM11431R0/2009(H3N1),A/mallard/Interior Alaska/9BM9755R0/2009,Direct Transmission,4,Inter-Species,7.996569999999998
25,A/northern pintail/Interior Alaska/9BM10146R0/2009(H3N1),A/mallard/Interior Alaska/9BM9755R0/2009,Direct Transmission,1,Inter-Species,8.0
26,A/northern pintail/Interior Alaska/10BM00303R0/2010,A/mallard/Interior Alaska/9BM12627R0/2009,Environmental Persistence,252,Inter-Species,7.978626999999999
27,A/mallard/Interior Alaska/9BM1968/2009,A/mallard/Interior Alaska/9BM1957/2009,Direct Transmission,2,Intra-Species,7.974506000000001
28,A/mallard/Interior Alaska/9BM2259/2009,A/mallard/Interior Alaska/9BM1957/2009,Direct Transmission,7,Intra-Species,7.998984
29,A/mallard/Interior Alaska/9BM1969/2009,A/mallard/Interior Alaska/9BM1957/2009,Direct Transmission,2,Intra-Species,7.999416
30,A/mallard/Interior Alaska/9BM1972/2009(H4N6),A/mallard/Interior Alaska/9BM1957/2009,Direct Transmission,2,Intra-Species,7.999292999999999
31,A/American green-winged teal/Interior Alaska/9BM3595R1/2009(H10N7),A/mallard/Interior Alaska/9BM3357R0/2009(H10N7),Direct Transmission,2,Inter-Species,8.0
32,A/mallard/Interior Alaska/9BM3355R0/2009(H10N7),A/mallard/Interior Alaska/9BM3357R0/2009(H10N7),Direct Transmission,0,Intra-Species,7.9994130000000006
33,A/mallard/Interior Alaska/9BM3361R0/2009(H10N7),A/mallard/Interior Alaska/9BM3357R0/2009(H10N7),Direct Transmission,0,Intra-Species,8.0
34,A/mallard/Interior Alaska/9BM3379R0/2009(H10N7),A/mallard/Interior Alaska/9BM3357R0/2009(H10N7),Direct Transmission,1,Intra-Species,8.0
35,A/mallard/Interior Alaska/9BM1869/2009,A/mallard/Interior Alaska/9BM1864/2009,Direct Transmission,0,Intra-Species,7.9969319999999975
36,A/mallard/Interior Alaska/9BM1807/2009(H4N6),A/mallard/Interior Alaska/9BM1864/2009,Direct Transmission,1,Intra-Species,7.998832000000001
37,A/mallard/Interior Alaska/9BM2164/2009,A/mallard/Interior Alaska/9BM1864/2009,Direct Transmission,9,Intra-Species,7.9955289999999986
38,A/mallard/Interior Alaska/9BM1809/2009(H4N6),A/mallard/Interior Alaska/9BM1864/2009,Direct Transmission,1,Intra-Species,7.997375
39,A/mallard/Interior Alaska/9BM1812/2009,A/mallard/Interior Alaska/9BM1864/2009,Direct Transmission,1,Intra-Species,7.999115
40,A/northern pintail/Interior Alaska/10BM07106R0/2010(H7N3),A/mallard/Interior Alaska/10BM06911R0/2010,Direct Transmission,1,Inter-Species,7.998714
41,A/northern pintail/Interior Alaska/10BM06895R0/2010,A/mallard/Interior Alaska/10BM06911R0/2010,Direct Transmission,0,Inter-Species,7.9991330000000005
42,A/mallard/Interior Alaska/10BM07092R0/2010(H7N3),A/mallard/Interior Alaska/10BM06911R0/2010,Direct Transmission,1,Intra-Species,8.0
43,A/mallard/Interior Alaska/10BM06909R0/2010,A/mallard/Interior Alaska/10BM06911R0/2010,Direct Transmission,0,Intra-Species,7.9982349999999975
44,A/northern pintail/Interior Alaska/10BM07469R0/2010(H7N3),A/mallard/Interior Alaska/10BM06911R0/2010,Direct Transmission,2,Inter-Species,7.998258
45,A/mallard/Interior Alaska/10BM08100R0/2010(H7N3),A/mallard/Interior Alaska/10BM06911R0/2010,Direct Transmission,4,Intra-Species,7.9977839999999984
46,A/northern pintail/Interior Alaska/10BM07114R0/2010(H7N3),A/mallard/Interior Alaska/10BM06911R0/2010,Direct Transmission,1,Inter-Species,8.0
47,A/mallard/Interior Alaska/10BM06905R0/2010,A/mallard/Interior Alaska/10BM06911R0/2010,Direct Transmission,0,Intra-Species,8.0
48,A/northern pintail/Interior Alaska/10BM07458R0/2010(H7N3),A/mallard/Interior Alaska/10BM06911R0/2010,Direct Transmission,2,Inter-Species,7.996106
49,A/northern pintail/Interior Alaska/10BM06899R0/2010,A/mallard/Interior Alaska/10BM06911R0/2010,Direct Transmission,0,Inter-Species,8.0
50,A/northern pintail/Interior Alaska/10BM07737R0/2010(H7N3),A/mallard/Interior Alaska/10BM06911R0/2010,Direct Transmission,3,Inter-Species,7.99552
51,A/northern pintail/Interior Alaska/10BM12163R0/2010(H3N8),A/mallard/Interior Alaska/10BM12177R0/2010,Direct Transmission,0,Inter-Species,7.998982000000002
52,A/mallard/Interior Alaska/10BM12172R0/2010,A/mallard/Interior Alaska/10BM12177R0/2010,Direct Transmission,0,Intra-Species,7.998411
53,A/mallard/Interior Alaska/9BM1967/2009,A/mallard/Interior Alaska/9BM1959/2009,Direct Transmission,2,Intra-Species,7.999567999999999
54,A/mallard/Interior Alaska/9BM1964/2009,A/mallard/Interior Alaska/9BM1959/2009,Direct Transmission,2,Intra-Species,7.996810000000001
55,A/mallard/Interior Alaska/9BM2077/2009,A/mallard/Interior Alaska/9BM1959/2009,Direct Transmission,5,Intra-Species,7.997095
56,A/American green-winged teal/Interior Alaska/10BM08222R0/2010,A/mallard/Interior Alaska/10BM06447R0/2010,Direct Transmission,5,Inter-Species,7.595989000000001
57,A/American green-winged teal/Interior Alaska/10BM07573R0/2010,A/mallard/Interior Alaska/10BM06447R0/2010,Direct Transmission,3,Inter-Species,7.957495
58,A/northern pintail/Interior Alaska/10BM07106R0/2010(H7N3),A/northern pintail/Interior Alaska/10BM06899R0/2010,Direct Transmission,1,Intra-Species,7.998714
59,A/northern pintail/Interior Alaska/10BM06895R0/2010,A/northern pintail/Interior Alaska/10BM06899R0/2010,Direct Transmission,0,Intra-Species,7.9991330000000005
60,A/mallard/Interior Alaska/10BM07092R0/2010(H7N3),A/northern pintail/Interior Alaska/10BM06899R0/2010,Direct Transmission,1,Inter-Species,8.0
61,A/mallard/Interior Alaska/10BM06909R0/2010,A/northern pintail/Interior Alaska/10BM06899R0/2010,Direct Transmission,0,Inter-Species,7.9982349999999975
62,A/northern pintail/Interior Alaska/10BM07469R0/2010(H7N3),A/northern pintail/Interior Alaska/10BM06899R0/2010,Direct Transmission,2,Intra-Species,7.998258
63,A/mallard/Interior Alaska/10BM08100R0/2010(H7N3),A/northern pintail/Interior Alaska/10BM06899R0/2010,Direct Transmission,4,Inter-Species,7.9977839999999984
64,A/northern pintail/Interior Alaska/10BM07114R0/2010(H7N3),A/northern pintail/Interior Alaska/10BM06899R0/2010,Direct Transmission,1,Intra-Species,8.0
65,A/mallard/Interior Alaska/10BM06911R0/2010,A/northern pintail/Interior Alaska/10BM06899R0/2010,Direct Transmission,0,Inter-Species,8.0
66,A/mallard/Interior Alaska/10BM06905R0/2010,A/northern pintail/Interior Alaska/10BM06899R0/2010,Direct Transmission,0,Inter-Species,8.0
67,A/northern pintail/Interior Alaska/10BM07458R0/2010(H7N3),A/northern pintail/Interior Alaska/10BM06899R0/2010,Direct Transmission,2,Intra-Species,7.996106
68,A/northern pintail/Interior Alaska/10BM08705R0/2010(H7N3),A/northern pintail/Interior Alaska/10BM06899R0/2010,Direct Transmission,5,Intra-Species,7.995617
69,A/northern pintail/Interior Alaska/10BM07737R0/2010(H7N3),A/northern pintail/Interior Alaska/10BM06899R0/2010,Direct Transmission,3,Intra-Species,7.99552
70,A/mallard/Interior Alaska/9BM12567R0/2009,A/mallard/Interior Alaska/9BM12285R0/2009,Direct Transmission,3,Intra-Species,7.991439
71,A/northern shoveler/Interior Alaska/9BM12298R0/2009,A/mallard/Interior Alaska/9BM12285R0/2009,Direct Transmission,0,Inter-Species,7.996389
72,A/northern pintail/Interior Alaska/9BM12647R0/2009,A/mallard/Interior Alaska/9BM12285R0/2009,Direct Transmission,4,Inter-Species,7.994585000000002
73,A/northern pintail/Interior Alaska/10CH00003R0/2010(H4N6),A/environment/California/5807/2009,Environmental Persistence,369,Inter-Species,7.6826209999999975
74,A/northern pintail/Interior Alaska/9BM11487R0/2009(H3N8),A/northern pintail/Interior Alaska/9BM10819R0/2009,Direct Transmission,1,Intra-Species,7.993514
75,A/northern pintail/Interior Alaska/10BM04722R0/2010,A/mallard/Interior Alaska/10BM04624R0/2010(H4N6),Direct Transmission,0,Inter-Species,8.0
76,A/mallard/Interior Alaska/10BM04623R0/2010(H4N6),A/mallard/Interior Alaska/10BM04624R0/2010(H4N6),Direct Transmission,0,Intra-Species,8.0
77,A/northern pintail/Interior Alaska/10BM04668R0/2010,A/mallard/Interior Alaska/10BM04624R0/2010(H4N6),Direct Transmission,0,Inter-Species,7.9985490000000015
78,A/mallard/Interior Alaska/10BM11497R0/2010,A/American green-winged teal/Interior Alaska/10BM04207R0/2010,Environmental Persistence,30,Inter-Species,7.9934020000000015
79,A/mallard/Interior Alaska/10BM09893R0/2010(H3N6),A/American green-winged teal/Interior Alaska/10BM04207R0/2010,Environmental Persistence,26,Inter-Species,7.992238
80,A/mallard/Interior Alaska/9BM1967/2009,A/mallard/Interior Alaska/9BM1869/2009,Direct Transmission,5,Intra-Species,7.999567999999999
81,A/mallard/Interior Alaska/9BM1864/2009,A/mallard/Interior Alaska/9BM1869/2009,Direct Transmission,0,Intra-Species,7.9969319999999975
82,A/mallard/Interior Alaska/9BM1964/2009,A/mallard/Interior Alaska/9BM1869/2009,Direct Transmission,5,Intra-Species,7.996810000000001
83,A/mallard/Interior Alaska/9BM1959/2009,A/mallard/Interior Alaska/9BM1869/2009,Direct Transmission,3,Intra-Species,8.0
84,A/mallard/Interior Alaska/9BM2077/2009,A/mallard/Interior Alaska/9BM1869/2009,Direct Transmission,8,Intra-Species,7.997095
85,A/mallard/Interior Alaska/9BM1856/2009,A/mallard/Interior Alaska/9BM1869/2009,Direct Transmission,1,Intra-Species,7.998608
86,A/northern pintail/Interior Alaska/10BM08587R0/2010(H3N8),A/northern pintail/Interior Alaska/10BM08505R0/2010(H3N8),Direct Transmission,0,Intra-Species,7.998991
87,A/mallard/Interior Alaska/9BM2535R0/2009,A/mallard/Interior Alaska/9BM2259/2009,Direct Transmission,1,Intra-Species,7.997216000000001
88,A/northern pintail/Interior Alaska/10BM10298R0/2010,A/northern shoveler/Interior Alaska/10BM05491R0/2010,Direct Transmission,14,Inter-Species,7.996253999999999
89,A/northern shoveler/Interior Alaska/10BM05487R0/2010,A/northern shoveler/Interior Alaska/10BM05491R0/2010,Direct Transmission,0,Intra-Species,7.997965
90,A/ring-necked duck/Interior Alaska/10BM05617R0/2010,A/northern shoveler/Interior Alaska/10BM05408R0/2010,Direct Transmission,1,Inter-Species,7.995486
91,A/northern pintail/Interior Alaska/10BM07040R0/2010,A/northern shoveler/Interior Alaska/10BM05408R0/2010,Direct Transmission,7,Inter-Species,7.990434
92,A/mallard/Interior Alaska/9BM3016R0/2009,A/mallard/Interior Alaska/9BM2750R0/2009,Direct Transmission,2,Intra-Species,7.999547
93,A/mallard/Interior Alaska/9BM2751R0/2009,A/mallard/Interior Alaska/9BM2750R0/2009,Direct Transmission,0,Intra-Species,7.9965670000000015
94,A/American green-winged teal/Interior Alaska/10BM08422R0/2010,A/northern pintail/Interior Alaska/10BM07597R0/2010(H3N8),Direct Transmission,2,Inter-Species,7.997478
95,A/mallard/Interior Alaska/9BM10111R0/2009(H3N8),A/northern pintail/Interior Alaska/9BM7118R1/2009,Direct Transmission,9,Inter-Species,8.0
96,A/mallard/Interior Alaska/9BM10051R0/2009(H3N8),A/northern pintail/Interior Alaska/9BM7118R1/2009,Direct Transmission,9,Inter-Species,7.997242
97,A/northern pintail/Interior Alaska/9BM8553R0/2009,A/northern pintail/Interior Alaska/9BM7118R1/2009,Direct Transmission,4,Intra-Species,7.996977
98,A/mallard/Interior Alaska/9BM10055R0/2009(H3N8),A/northern pintail/Interior Alaska/9BM7118R1/2009,Direct Transmission,9,Inter-Species,7.9973899999999984
99,A/northern pintail/Interior Alaska/10BM09347R0/2010(H7N3),A/mallard/Interior Alaska/10BM05347R0/2010(H7N3),Direct Transmission,12,Inter-Species,7.9963820000000005
100,A/northern pintail/Interior Alaska/10BM09481R0/2010(H7N3),A/mallard/Interior Alaska/10BM05347R0/2010(H7N3),Direct Transmission,12,Inter-Species,7.997961
101,A/mallard/Interior Alaska/10BM08884R0/2010(H7N3),A/mallard/Interior Alaska/10BM05347R0/2010(H7N3),Direct Transmission,11,Intra-Species,7.995813
102,A/mallard/Interior Alaska/10BM11434R0/2010(H7N3),A/mallard/Interior Alaska/10BM05347R0/2010(H7N3),Environmental Persistence,18,Intra-Species,7.996383
103,A/mallard/Interior Alaska/10BM09818R0/2010(H7N3),A/mallard/Interior Alaska/10BM05347R0/2010(H7N3),Direct Transmission,13,Intra-Species,7.997846000000001
104,A/northern pintail/Interior Alaska/10BM10807R0/2010(H7N3),A/mallard/Interior Alaska/10BM05347R0/2010(H7N3),Environmental Persistence,16,Inter-Species,7.9969160000000015
105,A/mallard/Interior Alaska/10BM09548R0/2010(H7N3),A/mallard/Interior Alaska/10BM05347R0/2010(H7N3),Direct Transmission,13,Intra-Species,7.9952
106,A/mallard/Interior Alaska/10BM08120R0/2010(H7N3),A/mallard/Interior Alaska/10BM05347R0/2010(H7N3),Direct Transmission,10,Intra-Species,7.9970940000000015
107,A/northern pintail/Interior Alaska/10BM11208R0/2010(H7N3),A/mallard/Interior Alaska/10BM05347R0/2010(H7N3),Environmental Persistence,17,Inter-Species,7.99703
108,A/northern pintail/Interior Alaska/10BM10906R0/2010(H7N3),A/mallard/Interior Alaska/10BM05347R0/2010(H7N3),Environmental Persistence,16,Inter-Species,7.996674
109,A/northern pintail/Interior Alaska/10BM08586R0/2010(H7N3),A/mallard/Interior Alaska/10BM05347R0/2010(H7N3),Direct Transmission,10,Inter-Species,7.997999
110,A/mallard/Interior Alaska/10BM12534R0/2010(H7N3),A/mallard/Interior Alaska/10BM05347R0/2010(H7N3),Environmental Persistence,20,Intra-Species,7.995063
111,A/mallard/Interior Alaska/10BM05860R0/2010(H7N3),A/mallard/Interior Alaska/10BM05347R0/2010(H7N3),Direct Transmission,1,Intra-Species,8.0
112,A/mallard/Interior Alaska/10BM09563R0/2010(H7N3),A/mallard/Interior Alaska/10BM05347R0/2010(H7N3),Direct Transmission,13,Intra-Species,7.996361
113,A/mallard/Interior Alaska/10BM10811R0/2010(H7N3),A/mallard/Interior Alaska/10BM05347R0/2010(H7N3),Environmental Persistence,16,Intra-Species,7.9969160000000015
114,A/mallard/Interior Alaska/10BM08874R0/2010(H7N3),A/mallard/Interior Alaska/10BM05347R0/2010(H7N3),Direct Transmission,11,Intra-Species,7.996247
115,A/northern pintail/Interior Alaska/10BM09348R0/2010(H7N3),A/mallard/Interior Alaska/10BM05347R0/2010(H7N3),Direct Transmission,12,Inter-Species,7.9963820000000005
116,A/mallard/Interior Alaska/10BM10324R0/2010(H7N3),A/mallard/Interior Alaska/10BM05347R0/2010(H7N3),Direct Transmission,15,Intra-Species,7.9967320000000015
117,A/northern pintail/Interior Alaska/10BM10166R0/2010(H7N3),A/mallard/Interior Alaska/10BM05347R0/2010(H7N3),Direct Transmission,14,Inter-Species,7.997260000000002
118,A/mallard/Interior Alaska/10BM09528R0/2010(H7N3),A/mallard/Interior Alaska/10BM05347R0/2010(H7N3),Direct Transmission,13,Intra-Species,7.997496000000001
119,A/mallard/Interior Alaska/10BM09539R0/2010(H7N3),A/mallard/Interior Alaska/10BM05347R0/2010(H7N3),Direct Transmission,13,Intra-Species,7.997961
120,A/mallard/Interior Alaska/10BM08883R0/2010(H7N3),A/mallard/Interior Alaska/10BM05347R0/2010(H7N3),Direct Transmission,11,Intra-Species,7.996247
121,A/northern pintail/Interior Alaska/10BM09832R0/2010(H7N3),A/mallard/Interior Alaska/10BM05347R0/2010(H7N3),Direct Transmission,13,Inter-Species,7.995238
122,A/northern pintail/Interior Alaska/10BM10476R0/2010(H7N3),A/mallard/Interior Alaska/10BM05347R0/2010(H7N3),Direct Transmission,15,Inter-Species,7.997260000000002
123,A/northern pintail/Interior Alaska/10BM08400R0/2010(H7N3),A/mallard/Interior Alaska/10BM05347R0/2010(H7N3),Direct Transmission,10,Inter-Species,7.997246
124,A/mallard/Interior Alaska/10BM07066R0/2010(H7N3),A/mallard/Interior Alaska/10BM05347R0/2010(H7N3),Direct Transmission,7,Intra-Species,7.994803
125,A/northern pintail/Interior Alaska/10BM10801R0/2010(H7N3),A/mallard/Interior Alaska/10BM05347R0/2010(H7N3),Environmental Persistence,16,Inter-Species,7.996483
126,A/mallard/Interior Alaska/10BM06838R0/2010,A/northern pintail/Interior Alaska/10BM06306R0/2010,Direct Transmission,2,Inter-Species,8.0
127,A/northern pintail/Interior Alaska/10BM06524R0/2010,A/northern pintail/Interior Alaska/10BM06306R0/2010,Direct Transmission,1,Intra-Species,7.997382000000001
128,A/northern pintail/Interior Alaska/10BM06303R0/2010,A/northern pintail/Interior Alaska/10BM06306R0/2010,Direct Transmission,0,Intra-Species,7.998828
129,A/northern pintail/Interior Alaska/10BM06720R0/2010,A/northern pintail/Interior Alaska/10BM06306R0/2010,Direct Transmission,1,Intra-Species,7.999535000000002
130,A/northern pintail/Interior Alaska/10BM07399R0/2010(H7N3),A/northern pintail/Interior Alaska/10BM06306R0/2010,Direct Transmission,4,Intra-Species,7.958558999999998
131,A/northern pintail/Interior Alaska/10BM07121R0/2010(H7N3),A/northern pintail/Interior Alaska/10BM06306R0/2010,Direct Transmission,3,Intra-Species,8.0
132,A/northern pintail/Interior Alaska/10BM07029R0/2010(H7N3),A/northern pintail/Interior Alaska/10BM06306R0/2010,Direct Transmission,3,Intra-Species,7.998844
133,A/northern pintail/Interior Alaska/10BM07120R0/2010(H7N3),A/northern pintail/Interior Alaska/10BM06306R0/2010,Direct Transmission,3,Intra-Species,7.998981
134,A/mallard/Interior Alaska/10BM06828R0/2010,A/mallard/Interior Alaska/10BM06835R0/2010,Direct Transmission,0,Intra-Species,7.999567999999999
135,A/mallard/Interior Alaska/9BM1965/2009,A/mallard/Interior Alaska/9BM1967/2009,Direct Transmission,0,Intra-Species,7.999547
136,A/mallard/Interior Alaska/9BM2057/2009,A/mallard/Interior Alaska/9BM1967/2009,Direct Transmission,2,Intra-Species,8.0
137,A/northern pintail/Interior Alaska/9BM9975R0/2009,A/mallard/Interior Alaska/9BM8471R0/2009,Direct Transmission,5,Inter-Species,7.9342510000000015
138,A/mallard/Interior Alaska/9BM2395R0/2009,A/mallard/Interior Alaska/9BM2057/2009,Direct Transmission,5,Intra-Species,7.998677000000002
139,A/mallard/Interior Alaska/9BM2393R0/2009,A/mallard/Interior Alaska/9BM2057/2009,Direct Transmission,5,Intra-Species,7.998699999999999
140,A/mallard/Interior Alaska/9BM2536R0/2009,A/mallard/Interior Alaska/9BM2057/2009,Direct Transmission,5,Intra-Species,7.997729
141,A/mallard/Interior Alaska/10BM09164R0/2010(H3N8),A/northern pintail/Interior Alaska/10BM09104R0/2010,Direct Transmission,1,Inter-Species,7.999425
142,A/mallard/Interior Alaska/10BM09162R0/2010(H3N8),A/northern pintail/Interior Alaska/10BM09104R0/2010,Direct Transmission,1,Inter-Species,7.9991020000000015
143,A/northern pintail/Interior Alaska/10BM09102R0/2010,A/northern pintail/Interior Alaska/10BM09104R0/2010,Direct Transmission,0,Intra-Species,8.0
144,A/northern pintail/Interior Alaska/10BM09101R0/2010,A/northern pintail/Interior Alaska/10BM09104R0/2010,Direct Transmission,0,Intra-Species,8.0
145,A/mallard/Interior Alaska/10CH00035R0/2010(H3N8),A/northern pintail/Interior Alaska/10BM09104R0/2010,Environmental Persistence,31,Inter-Species,7.9951729999999985
146,A/mallard/Interior Alaska/10BM09159R0/2010(H3N8),A/northern pintail/Interior Alaska/10BM09104R0/2010,Direct Transmission,1,Inter-Species,7.997975
147,A/mallard/Interior Alaska/10BM09158R0/2010(H3N8),A/northern pintail/Interior Alaska/10BM09104R0/2010,Direct Transmission,1,Inter-Species,7.998703
148,A/northern pintail/Interior Alaska/10BM09105R0/2010,A/northern pintail/Interior Alaska/10BM09104R0/2010,Direct Transmission,0,Intra-Species,7.997835
149,A/northern pintail/Interior Alaska/10BM08920R0/2010,A/northern pintail/Interior Alaska/10BM09104R0/2010,Direct Transmission,0,Intra-Species,7.992619
150,A/northern pintail/Interior Alaska/10BM07242R0/2010(H4N6),A/American black duck/New Brunswick/03552/2009,Environmental Persistence,324,Inter-Species,7.7084030000000014
151,A/mallard/Interior Alaska/9BM2705R0/2009,A/mallard/Interior Alaska/9BM2388R0/2009,Direct Transmission,2,Intra-Species,7.998532000000001
152,A/northern pintail/Interior Alaska/10BM02585R0/2010,A/mallard/Wisconsin/2653/2009,Environmental Persistence,248,Inter-Species,7.686083999999999
153,A/mallard/Interior Alaska/10BM07971R0/2010,A/mallard/Interior Alaska/10BM02530R0/2010,Environmental Persistence,42,Intra-Species,7.990558
154,A/northern shoveler/Interior Alaska/10BM02593R0/2010,A/mallard/Interior Alaska/10BM02530R0/2010,Direct Transmission,1,Inter-Species,7.991511
155,A/northern pintail/Interior Alaska/9BM6146R0/2009,A/northern pintail/Interior Alaska/9BM6144R0/2009,Direct Transmission,0,Intra-Species,8.0
156,A/northern pintail/Interior Alaska/9BM6145R0/2009,A/northern pintail/Interior Alaska/9BM6144R0/2009,Direct Transmission,0,Intra-Species,8.0
157,A/mallard/Interior Alaska/10BM12179R0/2010(H3N8),A/mallard/Interior Alaska/10BM12178R0/2010,Direct Transmission,0,Intra-Species,8.0
158,A/mallard/Interior Alaska/10BM12311R0/2010(H3N8),A/mallard/Interior Alaska/10BM12178R0/2010,Direct Transmission,1,Intra-Species,7.999547
159,A/mallard/Interior Alaska/9BM3075R2/2009,A/mallard/Interior Alaska/9BM3016R0/2009,Direct Transmission,1,Intra-Species,7.998437000000001
160,A/American green-winged teal/Interior Alaska/9BM3595R1/2009(H10N7),A/mallard/Interior Alaska/9BM3016R0/2009,Direct Transmission,6,Inter-Species,8.0
161,A/mallard/Interior Alaska/9BM3355R0/2009(H10N7),A/mallard/Interior Alaska/9BM3016R0/2009,Direct Transmission,4,Intra-Species,7.9994130000000006
162,A/mallard/Interior Alaska/9BM3078R0/2009,A/mallard/Interior Alaska/9BM3016R0/2009,Direct Transmission,1,Intra-Species,8.0
163,A/mallard/Interior Alaska/9BM3357R0/2009(H10N7),A/mallard/Interior Alaska/9BM3016R0/2009,Direct Transmission,4,Intra-Species,8.0
164,A/mallard/Interior Alaska/9BM3076R0/2009,A/mallard/Interior Alaska/9BM3016R0/2009,Direct Transmission,1,Intra-Species,8.0
165,A/mallard/Interior Alaska/9BM3361R0/2009(H10N7),A/mallard/Interior Alaska/9BM3016R0/2009,Direct Transmission,4,Intra-Species,8.0
166,A/mallard/Interior Alaska/9BM3379R0/2009(H10N7),A/mallard/Interior Alaska/9BM3016R0/2009,Direct Transmission,5,Intra-Species,8.0
167,A/northern shoveler/Interior Alaska/10BM05491R0/2010,A/northern shoveler/Interior Alaska/10BM05487R0/2010,Direct Transmission,0,Intra-Species,7.997965
168,A/blue-winged teal/Louisiana/AI09-5159/2009,A/mallard/Interior Alaska/9BM12523R0/2009,Environmental Persistence,72,Inter-Species,7.599767000000001
169,A/wood duck/Wisconsin/10OS2778/2010,A/mallard/Interior Alaska/9BM12523R0/2009,Environmental Persistence,388,Inter-Species,7.58938
170,A/mallard/Wisconsin/10OS2773/2010,A/mallard/Interior Alaska/9BM12523R0/2009,Environmental Persistence,388,Intra-Species,7.590378
171,A/northern pintail/Interior Alaska/9BM12210R0/2009,A/northern pintail/Interior Alaska/9BM12211R0/2009,Direct Transmission,0,Intra-Species,8.0
172,A/northern pintail/Interior Alaska/10BM12552R0/2010(H3N8),A/American green-winged teal/Interior Alaska/10BM08422R0/2010,Direct Transmission,10,Inter-Species,7.991981
173,A/mallard/Interior Alaska/10BM12582R0/2010(H3N8),A/American green-winged teal/Interior Alaska/10BM08422R0/2010,Direct Transmission,10,Inter-Species,7.990171000000001
174,A/American green-winged teal/Interior Alaska/9BM3595R1/2009(H10N7),A/mallard/Interior Alaska/9BM3076R0/2009,Direct Transmission,5,Inter-Species,8.0
175,A/mallard/Interior Alaska/9BM3355R0/2009(H10N7),A/mallard/Interior Alaska/9BM3076R0/2009,Direct Transmission,3,Intra-Species,7.9994130000000006
176,A/mallard/Interior Alaska/9BM3078R0/2009,A/mallard/Interior Alaska/9BM3076R0/2009,Direct Transmission,0,Intra-Species,8.0
177,A/mallard/Interior Alaska/9BM3357R0/2009(H10N7),A/mallard/Interior Alaska/9BM3076R0/2009,Direct Transmission,3,Intra-Species,8.0
178,A/mallard/Interior Alaska/9BM3361R0/2009(H10N7),A/mallard/Interior Alaska/9BM3076R0/2009,Direct Transmission,3,Intra-Species,8.0
179,A/mallard/Interior Alaska/9BM3379R0/2009(H10N7),A/mallard/Interior Alaska/9BM3076R0/2009,Direct Transmission,4,Intra-Species,8.0
180,A/mallard/Interior Alaska/9BM10051R0/2009(H3N8),A/mallard/Interior Alaska/9BM10111R0/2009(H3N8),Direct Transmission,0,Intra-Species,7.997242
181,A/mallard/Interior Alaska/9BM10055R0/2009(H3N8),A/mallard/Interior Alaska/9BM10111R0/2009(H3N8),Direct Transmission,0,Intra-Species,7.9973899999999984
182,A/northern shoveler/Arkansas/11OS386/2011,A/mallard/Interior Alaska/10BM02980R0/2010,Environmental Persistence,194,Inter-Species,7.765326999999999
183,A/mallard/Interior Alaska/10BM10829R0/2010,A/northern pintail/Interior Alaska/10BM10853R0/2010(H7N3),Direct Transmission,0,Inter-Species,8.0
184,A/northern pintail/Interior Alaska/10BM04722R0/2010,A/mallard/Interior Alaska/10BM04623R0/2010(H4N6),Direct Transmission,0,Inter-Species,8.0
185,A/American green-winged teal/Interior Alaska/10BM06728R0/2010(H4N6),A/mallard/Interior Alaska/10BM04623R0/2010(H4N6),Direct Transmission,12,Inter-Species,7.9887520000000025
186,A/mallard/Interior Alaska/10BM04624R0/2010(H4N6),A/mallard/Interior Alaska/10BM04623R0/2010(H4N6),Direct Transmission,0,Intra-Species,8.0
187,A/American green-winged teal/Interior Alaska/10BM08226R0/2010,A/mallard/Interior Alaska/10BM04623R0/2010(H4N6),Environmental Persistence,17,Inter-Species,7.983749
188,A/northern pintail/Interior Alaska/10BM04668R0/2010,A/mallard/Interior Alaska/10BM04623R0/2010(H4N6),Direct Transmission,0,Inter-Species,7.9985490000000015
189,A/northern pintail/Interior Alaska/9BM6144R0/2009,A/northern pintail/Interior Alaska/9BM6146R0/2009,Direct Transmission,0,Intra-Species,8.0
190,A/northern pintail/Interior Alaska/9BM6145R0/2009,A/northern pintail/Interior Alaska/9BM6146R0/2009,Direct Transmission,0,Intra-Species,8.0
191,A/mallard/Interior Alaska/9BM10717R0/2009,A/northern pintail/Interior Alaska/9BM10471R0/2009,Direct Transmission,1,Inter-Species,7.999115
192,A/mallard/Interior Alaska/9BM9984R0/2009,A/mallard/Interior Alaska/9BM9983R0/2009,Direct Transmission,0,Intra-Species,7.998528999999999
193,A/northern pintail/Interior Alaska/9BM9989R0/2009,A/mallard/Interior Alaska/9BM9983R0/2009,Direct Transmission,0,Inter-Species,7.995627000000002
194,A/mallard/Interior Alaska/9BM9985R0/2009,A/mallard/Interior Alaska/9BM9983R0/2009,Direct Transmission,0,Intra-Species,8.0
195,A/northern pintail/Interior Alaska/9BM6094R0/2009,A/northern pintail/Interior Alaska/9BM6095R0/2009,Direct Transmission,0,Intra-Species,8.0
196,A/American green-winged teal/Interior Alaska/9BM6258R0/2009,A/northern pintail/Interior Alaska/9BM6095R0/2009,Direct Transmission,1,Inter-Species,7.996753
197,A/northern pintail/Interior Alaska/9BM7632R0/2009,A/northern pintail/Interior Alaska/9BM6095R0/2009,Direct Transmission,6,Intra-Species,7.996047
198,A/northern pintail/Interior Alaska/9BM10813R0/2009,A/northern pintail/Interior Alaska/9BM6095R0/2009,Direct Transmission,15,Intra-Species,7.9967320000000015
199,A/mallard/Interior Alaska/9BM10095R0/2009(H4N6),A/northern pintail/Interior Alaska/9BM6095R0/2009,Direct Transmission,13,Inter-Species,7.995796
200,A/mallard/Interior Alaska/9BM8829R0/2009,A/northern pintail/Interior Alaska/9BM6095R0/2009,Direct Transmission,9,Inter-Species,7.9940760000000015
201,A/northern pintail/Interior Alaska/9BM7254R0/2009,A/northern pintail/Interior Alaska/9BM7252R0/2009,Direct Transmission,0,Intra-Species,7.999567999999999
202,A/American green-winged teal/Interior Alaska/10BM07863R0/2010,A/American green-winged teal/Interior Alaska/10BM07000R0/2010(H4N6),Direct Transmission,3,Inter-Species,7.999414999999999
203,A/mallard/Interior Alaska/10BM11414R0/2010,A/mallard/Interior Alaska/10BM11420R0/2010,Direct Transmission,0,Intra-Species,8.0
204,A/mallard/Interior Alaska/10BM11419R0/2010,A/mallard/Interior Alaska/10BM11420R0/2010,Direct Transmission,0,Intra-Species,7.998683
205,A/mallard/Interior Alaska/10BM12049R0/2010,A/mallard/Interior Alaska/10BM11420R0/2010,Direct Transmission,1,Intra-Species,7.998993
206,A/mallard/Interior Alaska/10BM11418R0/2010,A/mallard/Interior Alaska/10BM11420R0/2010,Direct Transmission,0,Intra-Species,7.999136
207,A/mallard/Interior Alaska/10BM11415R0/2010,A/mallard/Interior Alaska/10BM11420R0/2010,Direct Transmission,0,Intra-Species,7.998539999999998
208,A/American green-winged teal/Interior Alaska/10BM07917R0/2010,A/northern shoveler/Interior Alaska/10BM05638R0/2010,Direct Transmission,8,Inter-Species,7.898867
209,A/mallard/Interior Alaska/10BM05900R0/2010,A/ring-necked duck/Interior Alaska/10BM05792R0/2010(H3N8),Direct Transmission,0,Inter-Species,7.999134
210,A/northern shoveler/Interior Alaska/10BM05638R0/2010,A/ring-necked duck/Interior Alaska/10BM05792R0/2010(H3N8),Direct Transmission,0,Inter-Species,7.995888000000001
211,A/northern shoveler/Interior Alaska/10BM05649R0/2010,A/ring-necked duck/Interior Alaska/10BM05792R0/2010(H3N8),Direct Transmission,0,Inter-Species,8.0
212,A/northern pintail/Interior Alaska/9BM11915R0/2009,A/northern pintail/Interior Alaska/9BM9989R0/2009,Direct Transmission,4,Intra-Species,7.9961259999999985
213,A/northern pintail/Interior Alaska/9BM11231R0/2009(H3N8),A/northern pintail/Interior Alaska/9BM9153R0/2009(H3N8),Direct Transmission,6,Intra-Species,7.9932940000000015
214,A/northern pintail/Interior Alaska/9BM12464R0/2009,A/northern pintail/Interior Alaska/9BM9153R0/2009(H3N8),Environmental Persistence,21,Intra-Species,7.990747
215,A/mallard/Interior Alaska/9BM11381R0/2009,A/northern pintail/Interior Alaska/9BM9153R0/2009(H3N8),Direct Transmission,6,Inter-Species,7.993603
216,A/mallard/Interior Alaska/9BM10047R0/2009(H3N8),A/northern pintail/Interior Alaska/9BM9153R0/2009(H3N8),Direct Transmission,3,Inter-Species,7.994889
217,A/mallard/Interior Alaska/9BM10851R0/2009,A/northern pintail/Interior Alaska/9BM9153R0/2009(H3N8),Direct Transmission,5,Inter-Species,7.987992999999999
218,A/northern pintail/Interior Alaska/9BM10471R0/2009,A/northern pintail/Interior Alaska/9BM9153R0/2009(H3N8),Direct Transmission,4,Intra-Species,7.992763
219,A/mallard/Interior Alaska/9BM11867R0/2009,A/northern pintail/Interior Alaska/9BM6290R0/2009,Environmental Persistence,16,Inter-Species,7.985789
220,A/northern pintail/Interior Alaska/9BM8907R0/2009,A/northern pintail/Interior Alaska/9BM6290R0/2009,Direct Transmission,8,Intra-Species,7.9790680000000025
221,A/northern pintail/Interior Alaska/9BM8657R1/2009,A/northern pintail/Interior Alaska/9BM6290R0/2009,Direct Transmission,7,Intra-Species,7.989717999999999
222,A/northern pintail/Interior Alaska/9BM6960R0/2009(H3N8),A/northern pintail/Interior Alaska/9BM6290R0/2009,Direct Transmission,2,Intra-Species,7.983443000000001
223,A/northern pintail/Interior Alaska/10BM11694R0/2010(H3N8),A/northern pintail/Interior Alaska/10BM11989R0/2010(H7N3),Direct Transmission,0,Intra-Species,7.9954810000000025
224,A/northern shoveler/Interior Alaska/9BM12332R0/2009,A/mallard/Interior Alaska/9BM10717R0/2009,Environmental Persistence,16,Inter-Species,7.9968910000000015
225,A/mallard/Interior Alaska/9BM12204R0/2009,A/northern pintail/Interior Alaska/9BM12190R0/2009,Direct Transmission,0,Inter-Species,8.0
226,A/mallard/Interior Alaska/9BM12198R0/2009,A/northern pintail/Interior Alaska/9BM12190R0/2009,Direct Transmission,0,Inter-Species,8.0
227,A/northern pintail/Interior Alaska/9BM12186R0/2009,A/northern pintail/Interior Alaska/9BM12190R0/2009,Direct Transmission,0,Intra-Species,8.0
228,A/mallard/Interior Alaska/9BM8387R0/2009(H3N8),A/northern pintail/Interior Alaska/9BM6902R0/2009,Direct Transmission,9,Inter-Species,7.975796000000001
229,A/mallard/Interior Alaska/10BM11416R0/2010,A/mallard/Interior Alaska/10BM11418R0/2010,Direct Transmission,0,Intra-Species,7.998432000000001
230,A/northern pintail/Interior Alaska/10BM00849R2/2010,A/northern pintail/Interior Alaska/9BM10525R2/2009(H3N1),Environmental Persistence,280,Intra-Species,7.9979359999999975
231,A/green-winged teal/Nova Scotia/00354/2010,A/American green-winged teal/Interior Alaska/10BM07573R0/2010,Direct Transmission,6,Intra-Species,7.6437909999999984
232,A/northern pintail/Interior Alaska/9BM7240R0/2009(H8N4),A/northern shoveler/Interior Alaska/9BM4787R0/2009,Direct Transmission,8,Inter-Species,7.985313999999999
233,A/mallard/Interior Alaska/9BM11053R0/2009(H8N4),A/northern shoveler/Interior Alaska/9BM4787R0/2009,Environmental Persistence,20,Inter-Species,7.9842239999999975
234,A/northern pintail/Interior Alaska/9BM11917R0/2009(H8N4),A/northern shoveler/Interior Alaska/9BM4787R0/2009,Environmental Persistence,21,Inter-Species,7.990690999999999
235,A/northern pintail/Interior Alaska/9BM11556R0/2009(H8N4),A/northern shoveler/Interior Alaska/9BM4787R0/2009,Environmental Persistence,21,Inter-Species,7.9830799999999975
236,A/northern pintail/Interior Alaska/9BM12068R0/2009(H8N4),A/northern shoveler/Interior Alaska/9BM4787R0/2009,Environmental Persistence,22,Inter-Species,7.956909
237,A/northern pintail/Interior Alaska/9BM9955R0/2009(H8N4),A/northern shoveler/Interior Alaska/9BM4787R0/2009,Environmental Persistence,17,Inter-Species,7.979365
238,A/mallard/Interior Alaska/9BM11023R0/2009(H8N4),A/northern shoveler/Interior Alaska/9BM4787R0/2009,Environmental Persistence,19,Inter-Species,7.978191000000002
239,A/northern pintail/Interior Alaska/9BM8237R0/2009(H8N4),A/northern shoveler/Interior Alaska/9BM4787R0/2009,Direct Transmission,11,Inter-Species,7.98159
240,A/mallard/Interior Alaska/9BM11542R0/2009,A/mallard/Interior Alaska/9BM10051R0/2009(H3N8),Direct Transmission,4,Intra-Species,7.999115
241,A/American green-winged teal/Wisconsin/2690/2009(H3N8),A/northern pintail/Interior Alaska/9BM7254R0/2009,Environmental Persistence,75,Inter-Species,7.659526
242,A/northern pintail/Interior Alaska/9BM11789R0/2009,A/northern pintail/Interior Alaska/9BM7254R0/2009,Direct Transmission,13,Intra-Species,7.9889680000000025
243,A/northern pintail/Interior Alaska/9BM7252R0/2009,A/northern pintail/Interior Alaska/9BM7254R0/2009,Direct Transmission,0,Intra-Species,7.999567999999999
244,A/northern pintail/Interior Alaska/9BM9447R0/2009,A/northern pintail/Interior Alaska/9BM7254R0/2009,Direct Transmission,7,Intra-Species,7.99045
245,A/mallard/Interior Alaska/9BM2252/2009,A/mallard/Interior Alaska/9BM2243/2009,Direct Transmission,0,Intra-Species,7.998963000000002
246,A/northern pintail/Interior Alaska/9BM7620R0/2009,A/American green-winged teal/Interior Alaska/9BM5041R0/2009(H4N6),Direct Transmission,10,Inter-Species,7.995724000000001
247,A/northern pintail/Interior Alaska/10BM07993R0/2010(H4N6),A/northern pintail/Interior Alaska/10BM07476R0/2010(H4N6),Direct Transmission,1,Intra-Species,7.991882
248,A/mallard/Wisconsin/10OS2918/2010,A/northern shoveler/Interior Alaska/9BM2943R1/2009,Environmental Persistence,444,Inter-Species,7.725905
249,A/mallard/Wisconsin/10OS2917/2010,A/northern shoveler/Interior Alaska/9BM2943R1/2009,Environmental Persistence,444,Inter-Species,7.725905
250,A/mallard/Interior Alaska/9BM12204R0/2009,A/northern pintail/Interior Alaska/9BM12186R0/2009,Direct Transmission,0,Inter-Species,8.0
251,A/northern pintail/Interior Alaska/9BM12190R0/2009,A/northern pintail/Interior Alaska/9BM12186R0/2009,Direct Transmission,0,Intra-Species,8.0
252,A/mallard/Interior Alaska/9BM12198R0/2009,A/northern pintail/Interior Alaska/9BM12186R0/2009,Direct Transmission,0,Inter-Species,8.0
253,A/northern shoveler/Interior Alaska/10BM05382R0/2010,A/American green-winged teal/Interior Alaska/10BM05376R0/2010(H3N8),Direct Transmission,0,Inter-Species,7.9900449999999985
254,A/mallard/Interior Alaska/10BM05797R0/2010(H3N8),A/American green-winged teal/Interior Alaska/10BM05376R0/2010(H3N8),Direct Transmission,1,Inter-Species,7.9572629999999975
255,A/American black duck/New Brunswick/00616/2010,A/American green-winged teal/Interior Alaska/10BM07917R0/2010,Direct Transmission,13,Inter-Species,7.6777880000000005
256,A/mallard/Interior Alaska/10BM08828R0/2010,A/northern pintail/Interior Alaska/10BM07993R0/2010(H4N6),Direct Transmission,2,Inter-Species,7.994075
257,A/mallard/Interior Alaska/9BM2606R0/2009,A/mallard/Interior Alaska/9BM1949/2009,Direct Transmission,10,Intra-Species,7.996333
258,A/mallard/Interior Alaska/9BM1974/2009,A/mallard/Interior Alaska/9BM1949/2009,Direct Transmission,2,Intra-Species,7.999567999999999
259,A/mallard/Interior Alaska/9BM2398R0/2009,A/mallard/Interior Alaska/9BM1949/2009,Direct Transmission,9,Intra-Species,7.933934
260,A/northern pintail/Interior Alaska/9BM12186R0/2009,A/mallard/Interior Alaska/9BM12204R0/2009,Direct Transmission,0,Inter-Species,8.0
261,A/northern pintail/Interior Alaska/9BM12190R0/2009,A/mallard/Interior Alaska/9BM12204R0/2009,Direct Transmission,0,Inter-Species,8.0
262,A/mallard/Interior Alaska/9BM12198R0/2009,A/mallard/Interior Alaska/9BM12204R0/2009,Direct Transmission,0,Intra-Species,8.0
263,A/blue-winged teal/Nova Scotia/00067/2010,A/northern pintail/Interior Alaska/10BM05034R0/2010,Environmental Persistence,48,Inter-Species,7.653113999999999
264,A/blue-winged teal/Illinois/10OS1563/2010,A/northern pintail/Interior Alaska/9BM6494R0/2009,Environmental Persistence,397,Inter-Species,7.654767
265,A/blue-winged teal/Illinois/10OS1561/2010,A/northern pintail/Interior Alaska/9BM6494R0/2009,Environmental Persistence,397,Inter-Species,7.654767
266,A/mallard/Interior Alaska/10BM12178R0/2010,A/mallard/Interior Alaska/10BM12179R0/2010(H3N8),Direct Transmission,0,Intra-Species,8.0
267,A/mallard/Interior Alaska/10BM12311R0/2010(H3N8),A/mallard/Interior Alaska/10BM12179R0/2010(H3N8),Direct Transmission,1,Intra-Species,7.999547
268,A/mallard/Interior Alaska/10BM04624R0/2010(H4N6),A/northern pintail/Interior Alaska/10BM04722R0/2010,Direct Transmission,0,Inter-Species,8.0
269,A/mallard/Interior Alaska/10BM04623R0/2010(H4N6),A/northern pintail/Interior Alaska/10BM04722R0/2010,Direct Transmission,0,Inter-Species,8.0
270,A/northern pintail/Interior Alaska/10BM04668R0/2010,A/northern pintail/Interior Alaska/10BM04722R0/2010,Direct Transmission,0,Intra-Species,7.9985490000000015
271,A/mallard/Interior Alaska/10BM10829R0/2010,A/mallard/Interior Alaska/10BM10861R0/2010(H7N3),Direct Transmission,0,Intra-Species,8.0
272,A/mallard/Ohio/10OS1319/2010(H4N6),A/northern pintail/Interior Alaska/9BM10749R0/2009,Environmental Persistence,350,Inter-Species,7.682946000000001
273,A/mallard/Interior Alaska/9BM1809/2009(H4N6),A/mallard/Interior Alaska/9BM1807/2009(H4N6),Direct Transmission,0,Intra-Species,7.997375
274,A/mallard/Interior Alaska/9BM1958/2009,A/mallard/Interior Alaska/9BM1947/2009,Direct Transmission,0,Intra-Species,8.0
275,A/mallard/Interior Alaska/9BM2254/2009,A/mallard/Interior Alaska/9BM1947/2009,Direct Transmission,7,Intra-Species,7.998417999999999
276,A/mallard/Interior Alaska/9BM2168/2009,A/mallard/Interior Alaska/9BM1947/2009,Direct Transmission,6,Intra-Species,7.998919
277,A/mallard/Interior Alaska/9BM1975/2009,A/mallard/Interior Alaska/9BM1947/2009,Direct Transmission,2,Intra-Species,7.997874
278,A/mallard/Interior Alaska/9BM1962/2009,A/mallard/Interior Alaska/9BM1947/2009,Direct Transmission,0,Intra-Species,8.0
279,A/northern shoveler/Interior Alaska/9BM2925R0/2009,A/mallard/Interior Alaska/9BM2351R0/2009,Direct Transmission,4,Inter-Species,7.999417
280,A/mallard/Interior Alaska/9BM2388R0/2009,A/mallard/Interior Alaska/9BM2351R0/2009,Direct Transmission,1,Intra-Species,7.998403999999999
281,A/northern shoveler/Interior Alaska/10BM16764R0/2010,A/northern pintail/Interior Alaska/10BM14807R2/2010,Environmental Persistence,21,Inter-Species,7.994153999999999
282,A/American green-winged teal/Interior Alaska/9BM3595R1/2009(H10N7),A/mallard/Interior Alaska/9BM3379R0/2009(H10N7),Direct Transmission,1,Inter-Species,8.0
283,A/northern pintail/Interior Alaska/10BM00849R2/2010,A/northern pintail/Interior Alaska/9BM10146R0/2009(H3N1),Environmental Persistence,281,Intra-Species,7.9979359999999975
284,A/northern pintail/Interior Alaska/10BM08612R0/2010,A/mallard/Interior Alaska/10BM04626R0/2010(H4N6),Environmental Persistence,17,Inter-Species,7.994950999999999
285,A/northern pintail/Interior Alaska/10BM07476R0/2010(H4N6),A/mallard/Interior Alaska/10BM04626R0/2010(H4N6),Direct Transmission,15,Inter-Species,7.9952869999999985
286,A/northern pintail/Interior Alaska/10BM12146R0/2010(H4N6),A/mallard/Interior Alaska/10BM04626R0/2010(H4N6),Environmental Persistence,26,Inter-Species,7.990842
287,A/northern pintail/Interior Alaska/10BM04704R0/2010,A/mallard/Interior Alaska/10BM04626R0/2010(H4N6),Direct Transmission,0,Inter-Species,7.978014999999999
288,A/mallard/Interior Alaska/10BM08622R0/2010,A/mallard/Interior Alaska/10BM04626R0/2010(H4N6),Environmental Persistence,18,Intra-Species,7.99672
289,A/mallard/Interior Alaska/9BM12285R0/2009,A/northern shoveler/Interior Alaska/9BM12298R0/2009,Direct Transmission,0,Inter-Species,7.996389
290,A/northern pintail/Interior Alaska/10BM00849R2/2010,A/northern pintail/Interior Alaska/9BM8502R0/2009(H3N1),Environmental Persistence,286,Intra-Species,7.9979359999999975
291,A/mallard/Interior Alaska/9BM9755R0/2009,A/northern pintail/Interior Alaska/9BM8502R0/2009(H3N1),Direct Transmission,4,Inter-Species,8.0
292,A/mallard/Interior Alaska/9BM11965R0/2009,A/northern pintail/Interior Alaska/9BM12180R0/2009,Direct Transmission,0,Inter-Species,7.998683
293,A/northern pintail/Interior Alaska/9BM12176R0/2009,A/northern pintail/Interior Alaska/9BM12180R0/2009,Direct Transmission,0,Intra-Species,8.0
294,A/American green-winged teal/Interior Alaska/10BM05376R0/2010(H3N8),A/northern shoveler/Interior Alaska/10BM05382R0/2010,Direct Transmission,0,Inter-Species,7.9900449999999985
295,A/northern pintail/Interior Alaska/9BM4660R0/2009,A/northern pintail/Interior Alaska/9BM4347R0/2009,Direct Transmission,2,Intra-Species,8.0
296,A/northern pintail/Interior Alaska/9BM4641R0/2009,A/northern pintail/Interior Alaska/9BM4347R0/2009,Direct Transmission,2,Intra-Species,7.997361
297,A/northern shoveler/Interior Alaska/9BM4905R0/2009,A/northern pintail/Interior Alaska/9BM4347R0/2009,Direct Transmission,2,Inter-Species,7.993804000000001
298,A/American green-winged teal/Interior Alaska/9BM5041R0/2009(H4N6),A/northern pintail/Interior Alaska/9BM4347R0/2009,Direct Transmission,2,Inter-Species,7.993006000000001
299,A/northern pintail/Interior Alaska/9BM7232R0/2009,A/northern pintail/Interior Alaska/9BM4347R0/2009,Direct Transmission,10,Intra-Species,7.9909050000000015
300,A/northern pintail/Interior Alaska/10BM07106R0/2010(H7N3),A/northern pintail/Interior Alaska/10BM06524R0/2010,Direct Transmission,2,Intra-Species,7.998714
301,A/northern pintail/Interior Alaska/10BM06895R0/2010,A/northern pintail/Interior Alaska/10BM06524R0/2010,Direct Transmission,1,Intra-Species,7.9991330000000005
302,A/mallard/Interior Alaska/10BM07092R0/2010(H7N3),A/northern pintail/Interior Alaska/10BM06524R0/2010,Direct Transmission,2,Inter-Species,8.0
303,A/mallard/Interior Alaska/10BM06909R0/2010,A/northern pintail/Interior Alaska/10BM06524R0/2010,Direct Transmission,1,Inter-Species,7.9982349999999975
304,A/northern pintail/Interior Alaska/10BM07469R0/2010(H7N3),A/northern pintail/Interior Alaska/10BM06524R0/2010,Direct Transmission,3,Intra-Species,7.998258
305,A/mallard/Interior Alaska/10BM08100R0/2010(H7N3),A/northern pintail/Interior Alaska/10BM06524R0/2010,Direct Transmission,5,Inter-Species,7.9977839999999984
306,A/northern pintail/Interior Alaska/10BM07114R0/2010(H7N3),A/northern pintail/Interior Alaska/10BM06524R0/2010,Direct Transmission,2,Intra-Species,8.0
307,A/mallard/Interior Alaska/10BM06911R0/2010,A/northern pintail/Interior Alaska/10BM06524R0/2010,Direct Transmission,1,Inter-Species,8.0
308,A/mallard/Interior Alaska/10BM06905R0/2010,A/northern pintail/Interior Alaska/10BM06524R0/2010,Direct Transmission,1,Inter-Species,8.0
309,A/northern pintail/Interior Alaska/10BM07458R0/2010(H7N3),A/northern pintail/Interior Alaska/10BM06524R0/2010,Direct Transmission,3,Intra-Species,7.996106
310,A/northern pintail/Interior Alaska/10BM06899R0/2010,A/northern pintail/Interior Alaska/10BM06524R0/2010,Direct Transmission,1,Intra-Species,8.0
311,A/northern pintail/Interior Alaska/10BM07737R0/2010(H7N3),A/northern pintail/Interior Alaska/10BM06524R0/2010,Direct Transmission,4,Intra-Species,7.99552
312,A/mallard/Interior Alaska/10BM10829R0/2010,A/mallard/Interior Alaska/10BM10876R0/2010(H7N3),Direct Transmission,0,Intra-Species,8.0
313,A/American green-winged teal/Interior Alaska/9BM3595R1/2009(H10N7),A/mallard/Interior Alaska/9BM3078R0/2009,Direct Transmission,5,Inter-Species,8.0
314,A/mallard/Interior Alaska/9BM3355R0/2009(H10N7),A/mallard/Interior Alaska/9BM3078R0/2009,Direct Transmission,3,Intra-Species,7.9994130000000006
315,A/mallard/Interior Alaska/9BM3357R0/2009(H10N7),A/mallard/Interior Alaska/9BM3078R0/2009,Direct Transmission,3,Intra-Species,8.0
316,A/mallard/Interior Alaska/9BM3076R0/2009,A/mallard/Interior Alaska/9BM3078R0/2009,Direct Transmission,0,Intra-Species,8.0
317,A/mallard/Interior Alaska/9BM3361R0/2009(H10N7),A/mallard/Interior Alaska/9BM3078R0/2009,Direct Transmission,3,Intra-Species,8.0
318,A/mallard/Interior Alaska/9BM3379R0/2009(H10N7),A/mallard/Interior Alaska/9BM3078R0/2009,Direct Transmission,4,Intra-Species,8.0
319,A/northern pintail/Interior Alaska/9BM7836R0/2009,A/American green-winged teal/Interior Alaska/9BM6410R0/2009,Direct Transmission,5,Inter-Species,7.987932999999999
320,A/mallard/Interior Alaska/10BM06835R0/2010,A/mallard/Interior Alaska/10BM06828R0/2010,Direct Transmission,0,Intra-Species,7.999567999999999
321,A/northern pintail/Interior Alaska/9BM8803R0/2009,A/northern shoveler/Interior Alaska/9BM4905R0/2009,Direct Transmission,13,Inter-Species,7.9981490000000015
322,A/mallard/Interior Alaska/9BM2256/2009,A/mallard/Interior Alaska/9BM1974/2009,Direct Transmission,5,Intra-Species,7.999547
323,A/mallard/Interior Alaska/9BM2073/2009,A/mallard/Interior Alaska/9BM1974/2009,Direct Transmission,3,Intra-Species,7.999115
324,A/mallard/Interior Alaska/9BM2170/2009,A/mallard/Interior Alaska/9BM1974/2009,Direct Transmission,4,Intra-Species,8.0
325,A/mallard/Interior Alaska/9BM2252/2009,A/mallard/Interior Alaska/9BM1974/2009,Direct Transmission,5,Intra-Species,7.998963000000002
326,A/mallard/Interior Alaska/9BM2243/2009,A/mallard/Interior Alaska/9BM1974/2009,Direct Transmission,5,Intra-Species,7.999093999999999
327,A/northern pintail/Interior Alaska/9BM10819R0/2009,A/northern pintail/Interior Alaska/9BM7836R0/2009,Direct Transmission,9,Intra-Species,7.988417
328,A/mallard/Interior Alaska/10BM11419R0/2010,A/mallard/Interior Alaska/10BM11414R0/2010,Direct Transmission,0,Intra-Species,7.998683
329,A/mallard/Interior Alaska/10BM11420R0/2010,A/mallard/Interior Alaska/10BM11414R0/2010,Direct Transmission,0,Intra-Species,8.0
330,A/mallard/Interior Alaska/10BM12049R0/2010,A/mallard/Interior Alaska/10BM11414R0/2010,Direct Transmission,1,Intra-Species,7.998993
331,A/mallard/Interior Alaska/10BM11418R0/2010,A/mallard/Interior Alaska/10BM11414R0/2010,Direct Transmission,0,Intra-Species,7.999136
332,A/mallard/Interior Alaska/10BM11415R0/2010,A/mallard/Interior Alaska/10BM11414R0/2010,Direct Transmission,0,Intra-Species,7.998539999999998
333,A/northern pintail/Interior Alaska/9BM7118R1/2009,A/northern pintail/Interior Alaska/9BM7055R0/2009,Direct Transmission,0,Intra-Species,7.994495
334,A/northern pintail/Interior Alaska/9BM7050R0/2009,A/northern pintail/Interior Alaska/9BM7055R0/2009,Direct Transmission,0,Intra-Species,8.0
335,A/northern pintail/Interior Alaska/9BM7069R0/2009,A/northern pintail/Interior Alaska/9BM7055R0/2009,Direct Transmission,0,Intra-Species,7.998411999999999
336,A/northern pintail/Interior Alaska/9BM7044R0/2009,A/northern pintail/Interior Alaska/9BM7055R0/2009,Direct Transmission,0,Intra-Species,7.9978729999999985
337,A/northern pintail/Interior Alaska/9BM7108R2/2009(H3N8),A/northern pintail/Interior Alaska/9BM7055R0/2009,Direct Transmission,0,Intra-Species,7.999567
338,A/northern pintail/Interior Alaska/9BM7368R0/2009,A/northern pintail/Interior Alaska/9BM7055R0/2009,Direct Transmission,1,Intra-Species,7.994407000000002
339,A/northern pintail/Interior Alaska/9BM7052R0/2009,A/northern pintail/Interior Alaska/9BM7055R0/2009,Direct Transmission,0,Intra-Species,7.992590999999999
340,A/mallard/Interior Alaska/9BM11965R0/2009,A/northern pintail/Interior Alaska/9BM12176R0/2009,Direct Transmission,0,Inter-Species,7.998683
341,A/northern pintail/Interior Alaska/9BM12180R0/2009,A/northern pintail/Interior Alaska/9BM12176R0/2009,Direct Transmission,0,Intra-Species,8.0
342,A/mallard/Interior Alaska/10BM09562R0/2010(H4N6),A/mallard/Interior Alaska/10BM09570R0/2010(H4N6),Direct Transmission,0,Intra-Species,7.999535000000002
343,A/northern pintail/Interior Alaska/10BM00849R2/2010,A/mallard/Interior Alaska/9BM8465R0/2009(H3N1),Environmental Persistence,286,Inter-Species,7.9979359999999975
344,A/mallard/Interior Alaska/9BM9755R0/2009,A/mallard/Interior Alaska/9BM8465R0/2009(H3N1),Direct Transmission,4,Intra-Species,8.0
345,A/mallard/Interior Alaska/10BM05900R0/2010,A/northern shoveler/Interior Alaska/10BM05649R0/2010,Direct Transmission,0,Inter-Species,7.999134
346,A/northern shoveler/Interior Alaska/10BM05638R0/2010,A/northern shoveler/Interior Alaska/10BM05649R0/2010,Direct Transmission,0,Intra-Species,7.995888000000001
347,A/ring-necked duck/Interior Alaska/10BM05792R0/2010(H3N8),A/northern shoveler/Interior Alaska/10BM05649R0/2010,Direct Transmission,0,Inter-Species,8.0
348,A/American green-winged teal/Interior Alaska/10BM05165R0/2010(H4N6),A/northern shoveler/Interior Alaska/10BM02593R0/2010,Environmental Persistence,29,Inter-Species,7.989718999999999
349,A/mallard/Interior Alaska/10BM02644R0/2010,A/northern shoveler/Interior Alaska/10BM02593R0/2010,Direct Transmission,2,Inter-Species,7.9945179999999985
350,A/northern shoveler/Interior Alaska/10BM02892R0/2010,A/northern shoveler/Interior Alaska/10BM02593R0/2010,Direct Transmission,7,Intra-Species,7.992362
351,A/mallard/Interior Alaska/10BM04988R0/2010(H4N6),A/northern shoveler/Interior Alaska/10BM02593R0/2010,Environmental Persistence,28,Inter-Species,7.994253
352,A/northern pintail/Interior Alaska/10BM08540R0/2010(H4N6),A/northern shoveler/Interior Alaska/10BM02593R0/2010,Environmental Persistence,42,Inter-Species,7.9851
353,A/northern pintail/Interior Alaska/10BM05171R0/2010,A/northern shoveler/Interior Alaska/10BM02593R0/2010,Environmental Persistence,29,Inter-Species,7.9886240000000015
354,A/mallard/Interior Alaska/10BM04626R0/2010(H4N6),A/northern shoveler/Interior Alaska/10BM02593R0/2010,Environmental Persistence,25,Inter-Species,7.994277999999999
355,A/northern pintail/Interior Alaska/10BM02791R0/2010,A/northern shoveler/Interior Alaska/10BM02593R0/2010,Direct Transmission,2,Inter-Species,7.989371
356,A/mallard/Interior Alaska/10BM03979R0/2010,A/northern shoveler/Interior Alaska/10BM02593R0/2010,Environmental Persistence,19,Inter-Species,7.98942
357,A/northern pintail/Interior Alaska/9BM12700R0/2009,A/mallard/Minnesota/AI09-2434/2009(H3N8),Environmental Persistence,32,Inter-Species,7.6557210000000016
358,A/northern pintail/Interior Alaska/10BM11989R0/2010(H7N3),A/northern pintail/Interior Alaska/10BM11694R0/2010(H3N8),Direct Transmission,0,Intra-Species,7.9954810000000025
359,A/mallard/Interior Alaska/10BM06459R0/2010,A/mallard/Interior Alaska/10BM06452R0/2010,Direct Transmission,0,Intra-Species,7.999567
360,A/mallard/Interior Alaska/10BM06454R0/2010,A/mallard/Interior Alaska/10BM06452R0/2010,Direct Transmission,0,Intra-Species,8.0
361,A/mallard/Interior Alaska/10BM06456R0/2010,A/mallard/Interior Alaska/10BM06452R0/2010,Direct Transmission,0,Intra-Species,7.999414999999999
362,A/mallard/Interior Alaska/10BM06460R0/2010,A/mallard/Interior Alaska/10BM06452R0/2010,Direct Transmission,0,Intra-Species,7.998991
363,A/mallard/Interior Alaska/10BM06461R0/2010,A/mallard/Interior Alaska/10BM06452R0/2010,Direct Transmission,0,Intra-Species,8.0
364,A/mallard/Interior Alaska/10BM06450R0/2010,A/mallard/Interior Alaska/10BM06452R0/2010,Direct Transmission,0,Intra-Species,8.0
365,A/mallard/Interior Alaska/10BM06455R0/2010,A/mallard/Interior Alaska/10BM06452R0/2010,Direct Transmission,0,Intra-Species,7.999567
366,A/mallard/Interior Alaska/10BM06448R0/2010,A/mallard/Interior Alaska/10BM06452R0/2010,Direct Transmission,0,Intra-Species,8.0
367,A/mallard/Interior Alaska/10BM07777R0/2010,A/mallard/Interior Alaska/10BM06452R0/2010,Direct Transmission,4,Intra-Species,8.0
368,A/northern pintail/Interior Alaska/9BM6510R0/2009(H8N4),A/American green-winged teal/Interior Alaska/9BM5045R0/2009(H8N4),Direct Transmission,6,Inter-Species,7.996025
369,A/northern pintail/Interior Alaska/9BM7152R2/2009(H8N4),A/American green-winged teal/Interior Alaska/9BM5045R0/2009(H8N4),Direct Transmission,8,Inter-Species,7.987344
370,A/mallard/Interior Alaska/9BM10537R0/2009(H8N4),A/American green-winged teal/Interior Alaska/9BM5045R0/2009(H8N4),Environmental Persistence,18,Inter-Species,7.942606
371,A/northern pintail/Interior Alaska/9BM11643R0/2009(H8N4),A/American green-winged teal/Interior Alaska/9BM5045R0/2009(H8N4),Environmental Persistence,20,Inter-Species,7.99069
372,A/northern pintail/Interior Alaska/9BM8967R0/2009(H8N4),A/American green-winged teal/Interior Alaska/9BM5045R0/2009(H8N4),Direct Transmission,13,Inter-Species,7.993589999999998
373,A/northern pintail/Interior Alaska/9BM7882R0/2009(H8N4),A/American green-winged teal/Interior Alaska/9BM5045R0/2009(H8N4),Direct Transmission,10,Inter-Species,7.9949910000000015
374,A/northern pintail/Interior Alaska/10BM06306R0/2010,A/northern pintail/Interior Alaska/10BM06303R0/2010,Direct Transmission,0,Intra-Species,7.998828
375,A/mallard/Interior Alaska/10BM06459R0/2010,A/mallard/Interior Alaska/10BM06450R0/2010,Direct Transmission,0,Intra-Species,7.999567
376,A/mallard/Interior Alaska/10BM06452R0/2010,A/mallard/Interior Alaska/10BM06450R0/2010,Direct Transmission,0,Intra-Species,8.0
377,A/mallard/Interior Alaska/10BM06454R0/2010,A/mallard/Interior Alaska/10BM06450R0/2010,Direct Transmission,0,Intra-Species,8.0
378,A/mallard/Interior Alaska/10BM06456R0/2010,A/mallard/Interior Alaska/10BM06450R0/2010,Direct Transmission,0,Intra-Species,7.999414999999999
379,A/mallard/Interior Alaska/10BM06460R0/2010,A/mallard/Interior Alaska/10BM06450R0/2010,Direct Transmission,0,Intra-Species,7.998991
380,A/mallard/Interior Alaska/10BM06461R0/2010,A/mallard/Interior Alaska/10BM06450R0/2010,Direct Transmission,0,Intra-Species,8.0
381,A/mallard/Interior Alaska/10BM06455R0/2010,A/mallard/Interior Alaska/10BM06450R0/2010,Direct Transmission,0,Intra-Species,7.999567
382,A/mallard/Interior Alaska/10BM06448R0/2010,A/mallard/Interior Alaska/10BM06450R0/2010,Direct Transmission,0,Intra-Species,8.0
383,A/mallard/Interior Alaska/10BM07777R0/2010,A/mallard/Interior Alaska/10BM06450R0/2010,Direct Transmission,4,Intra-Species,8.0
384,A/northern pintail/Interior Alaska/10BM00849R2/2010,A/northern pintail/Interior Alaska/9BM9973R0/2009(H3N1),Environmental Persistence,281,Intra-Species,7.9979359999999975
385,A/northern pintail/Interior Alaska/10BM08903R0/2010,A/northern pintail/Interior Alaska/10BM08899R0/2010,Direct Transmission,0,Intra-Species,8.0
386,A/northern pintail/Interior Alaska/9BM6039R0/2009,A/northern pintail/Interior Alaska/9BM6040R0/2009,Direct Transmission,0,Intra-Species,7.999567999999999
387,A/mallard/Interior Alaska/10BM01929R0/2010,A/northern pintail/Interior Alaska/9BM10287R0/2009(H10N7),Environmental Persistence,303,Inter-Species,7.961746999999999
388,A/northern pintail/Interior Alaska/10BM07399R0/2010(H7N3),A/mallard/Interior Alaska/10BM06838R0/2010,Direct Transmission,2,Inter-Species,7.958558999999998
389,A/northern pintail/Interior Alaska/10BM07121R0/2010(H7N3),A/mallard/Interior Alaska/10BM06838R0/2010,Direct Transmission,1,Inter-Species,8.0
390,A/northern pintail/Interior Alaska/10BM07029R0/2010(H7N3),A/mallard/Interior Alaska/10BM06838R0/2010,Direct Transmission,1,Inter-Species,7.998844
391,A/northern pintail/Interior Alaska/10BM07120R0/2010(H7N3),A/mallard/Interior Alaska/10BM06838R0/2010,Direct Transmission,1,Inter-Species,7.998981
392,A/northern pintail/Interior Alaska/9BM10877R0/2009,A/northern pintail/Interior Alaska/9BM6039R0/2009,Direct Transmission,15,Intra-Species,7.995867999999999
393,A/northern pintail/Interior Alaska/9BM6040R0/2009,A/northern pintail/Interior Alaska/9BM6039R0/2009,Direct Transmission,0,Intra-Species,7.999567999999999
394,A/northern pintail/Interior Alaska/10BM08899R0/2010,A/northern pintail/Interior Alaska/10BM08903R0/2010,Direct Transmission,0,Intra-Species,8.0
395,A/mallard/Interior Alaska/10BM10876R0/2010(H7N3),A/mallard/Interior Alaska/10BM10829R0/2010,Direct Transmission,0,Intra-Species,8.0
396,A/mallard/Interior Alaska/10BM10859R0/2010(H7N3),A/mallard/Interior Alaska/10BM10829R0/2010,Direct Transmission,0,Intra-Species,8.0
397,A/mallard/Interior Alaska/10BM10861R0/2010(H7N3),A/mallard/Interior Alaska/10BM10829R0/2010,Direct Transmission,0,Intra-Species,8.0
398,A/northern pintail/Interior Alaska/10BM10853R0/2010(H7N3),A/mallard/Interior Alaska/10BM10829R0/2010,Direct Transmission,0,Inter-Species,8.0
399,A/mallard/Interior Alaska/10BM10787R0/2010(H7N3),A/mallard/Interior Alaska/10BM10829R0/2010,Direct Transmission,0,Intra-Species,7.997392
400,A/northern pintail/Interior Alaska/10BM10790R0/2010(H7N3),A/mallard/Interior Alaska/10BM10829R0/2010,Direct Transmission,0,Inter-Species,7.998844
401,A/mallard/Interior Alaska/10BM11311R0/2010,A/northern pintail/Minnesota/AI09-4322/2009,Environmental Persistence,334,Inter-Species,7.648583
402,A/mallard/Interior Alaska/10BM09164R0/2010(H3N8),A/northern pintail/Interior Alaska/10BM09102R0/2010,Direct Transmission,1,Inter-Species,7.999425
403,A/mallard/Interior Alaska/10BM09162R0/2010(H3N8),A/northern pintail/Interior Alaska/10BM09102R0/2010,Direct Transmission,1,Inter-Species,7.9991020000000015
404,A/northern pintail/Interior Alaska/10BM09101R0/2010,A/northern pintail/Interior Alaska/10BM09102R0/2010,Direct Transmission,0,Intra-Species,8.0
405,A/mallard/Interior Alaska/10CH00035R0/2010(H3N8),A/northern pintail/Interior Alaska/10BM09102R0/2010,Environmental Persistence,31,Inter-Species,7.9951729999999985
406,A/mallard/Interior Alaska/10BM09159R0/2010(H3N8),A/northern pintail/Interior Alaska/10BM09102R0/2010,Direct Transmission,1,Inter-Species,7.997975
407,A/mallard/Interior Alaska/10BM09158R0/2010(H3N8),A/northern pintail/Interior Alaska/10BM09102R0/2010,Direct Transmission,1,Inter-Species,7.998703
408,A/northern pintail/Interior Alaska/10BM09105R0/2010,A/northern pintail/Interior Alaska/10BM09102R0/2010,Direct Transmission,0,Intra-Species,7.997835
409,A/northern pintail/Interior Alaska/10BM08920R0/2010,A/northern pintail/Interior Alaska/10BM09102R0/2010,Direct Transmission,0,Intra-Species,7.992619
410,A/northern pintail/Interior Alaska/10BM09104R0/2010,A/northern pintail/Interior Alaska/10BM09102R0/2010,Direct Transmission,0,Intra-Species,8.0
411,A/mallard/Interior Alaska/9BM12388R0/2009,A/northern shoveler/Interior Alaska/9BM12332R0/2009,Direct Transmission,0,Inter-Species,7.994338999999999
412,A/American green-winged teal/Interior Alaska/9BM12356R0/2009,A/northern shoveler/Interior Alaska/9BM12332R0/2009,Direct Transmission,0,Inter-Species,7.9937380000000005
413,A/mallard/Interior Alaska/9BM12390R0/2009,A/northern shoveler/Interior Alaska/9BM12332R0/2009,Direct Transmission,0,Inter-Species,7.99403
414,A/mallard/Interior Alaska/9BM12204R0/2009,A/mallard/Interior Alaska/9BM9683R2/2009,Direct Transmission,7,Intra-Species,8.0
415,A/northern pintail/Interior Alaska/9BM12190R0/2009,A/mallard/Interior Alaska/9BM9683R2/2009,Direct Transmission,7,Inter-Species,8.0
416,A/mallard/Interior Alaska/9BM12198R0/2009,A/mallard/Interior Alaska/9BM9683R2/2009,Direct Transmission,7,Intra-Species,8.0
417,A/northern pintail/Interior Alaska/9BM12186R0/2009,A/mallard/Interior Alaska/9BM9683R2/2009,Direct Transmission,7,Inter-Species,8.0
418,A/northern pintail/Interior Alaska/9BM12186R0/2009,A/mallard/Interior Alaska/9BM12198R0/2009,Direct Transmission,0,Inter-Species,8.0
419,A/northern pintail/Interior Alaska/9BM12190R0/2009,A/mallard/Interior Alaska/9BM12198R0/2009,Direct Transmission,0,Inter-Species,8.0
420,A/mallard/Interior Alaska/9BM12204R0/2009,A/mallard/Interior Alaska/9BM12198R0/2009,Direct Transmission,0,Intra-Species,8.0
421,A/northern pintail/Interior Alaska/9BM4989R0/2009,A/northern pintail/Interior Alaska/9BM4991R0/2009,Direct Transmission,0,Intra-Species,7.999567999999999
422,A/mallard/Interior Alaska/9BM10375R0/2009(H4N6),A/mallard/Interior Alaska/9BM10095R0/2009(H4N6),Direct Transmission,2,Intra-Species,7.9993490000000005
423,A/northern pintail/Interior Alaska/9BM11151R0/2009(H10N7),A/American green-winged teal/Interior Alaska/9BM4407R0/2009(H10N7),Environmental Persistence,22,Inter-Species,7.9986039999999985
424,A/northern pintail/Interior Alaska/9BM11387R0/2009(H10N7),A/American green-winged teal/Interior Alaska/9BM4407R0/2009(H10N7),Environmental Persistence,22,Inter-Species,7.995412999999999
425,A/northern pintail/Interior Alaska/9BM11179R0/2009(H10N7),A/American green-winged teal/Interior Alaska/9BM4407R0/2009(H10N7),Environmental Persistence,22,Inter-Species,7.9987150000000025
426,A/northern pintail/Interior Alaska/9BM10222R0/2009(H10N7),A/American green-winged teal/Interior Alaska/9BM4407R0/2009(H10N7),Environmental Persistence,20,Inter-Species,7.99783
427,A/mallard/Interior Alaska/9BM8921R0/2009(H10N7),A/American green-winged teal/Interior Alaska/9BM4407R0/2009(H10N7),Direct Transmission,15,Inter-Species,7.998528
428,A/mallard/Interior Alaska/9BM9201R0/2009(H10N7),A/American green-winged teal/Interior Alaska/9BM4407R0/2009(H10N7),Environmental Persistence,16,Inter-Species,7.998849000000001
429,A/northern pintail/Interior Alaska/9BM10244R0/2009(H10N7),A/American green-winged teal/Interior Alaska/9BM4407R0/2009(H10N7),Environmental Persistence,20,Inter-Species,7.99783
430,A/northern pintail/Interior Alaska/9BM10210R0/2009(H10N7),A/American green-winged teal/Interior Alaska/9BM4407R0/2009(H10N7),Environmental Persistence,20,Inter-Species,7.99783
431,A/mallard/Interior Alaska/9BM11065R0/2009(H10N7),A/American green-winged teal/Interior Alaska/9BM4407R0/2009(H10N7),Environmental Persistence,22,Inter-Species,7.988277
432,A/northern pintail/Interior Alaska/9BM10234R0/2009(H10N7),A/American green-winged teal/Interior Alaska/9BM4407R0/2009(H10N7),Environmental Persistence,20,Inter-Species,7.99783
433,A/northern pintail/Interior Alaska/9BM11583R0/2009(H10N7),A/American green-winged teal/Interior Alaska/9BM4407R0/2009(H10N7),Environmental Persistence,24,Inter-Species,7.997737000000001
434,A/northern pintail/Interior Alaska/9BM10238R0/2009(H10N7),A/American green-winged teal/Interior Alaska/9BM4407R0/2009(H10N7),Environmental Persistence,20,Inter-Species,7.99783
435,A/northern pintail/Interior Alaska/9BM12094R0/2009(H10N7),A/American green-winged teal/Interior Alaska/9BM4407R0/2009(H10N7),Environmental Persistence,24,Inter-Species,7.996297999999999
436,A/northern pintail/Interior Alaska/9BM10224R0/2009(H10N7),A/American green-winged teal/Interior Alaska/9BM4407R0/2009(H10N7),Environmental Persistence,20,Inter-Species,7.99783
437,A/mallard/Interior Alaska/9BM11351R0/2009(H10N7),A/American green-winged teal/Interior Alaska/9BM4407R0/2009(H10N7),Environmental Persistence,22,Inter-Species,7.9986039999999985
438,A/northern pintail/Interior Alaska/9BM10236R0/2009(H10N7),A/American green-winged teal/Interior Alaska/9BM4407R0/2009(H10N7),Environmental Persistence,20,Inter-Species,7.99783
439,A/northern pintail/Interior Alaska/9BM11779R0/2009(H10N7),A/American green-winged teal/Interior Alaska/9BM4407R0/2009(H10N7),Environmental Persistence,23,Inter-Species,7.998414
440,A/northern pintail/Interior Alaska/9BM11358R1/2009(H10N7),A/American green-winged teal/Interior Alaska/9BM4407R0/2009(H10N7),Environmental Persistence,22,Inter-Species,7.997737000000001
441,A/northern pintail/Interior Alaska/9BM10218R0/2009(H10N7),A/American green-winged teal/Interior Alaska/9BM4407R0/2009(H10N7),Environmental Persistence,20,Inter-Species,7.997375
442,A/northern pintail/Interior Alaska/9BM9065R0/2009(H10N7),A/American green-winged teal/Interior Alaska/9BM4407R0/2009(H10N7),Direct Transmission,15,Inter-Species,7.996608
443,A/mallard/Interior Alaska/9BM9717R0/2009(H10N7),A/American green-winged teal/Interior Alaska/9BM4407R0/2009(H10N7),Environmental Persistence,18,Inter-Species,7.9986039999999985
444,A/northern pintail/Interior Alaska/9BM11572R0/2009,A/mallard/Interior Alaska/9BM8387R0/2009(H3N8),Direct Transmission,6,Inter-Species,7.907129999999999
445,A/mallard/Interior Alaska/9BM12627R0/2009,A/mallard/Interior Alaska/9BM8387R0/2009(H3N8),Environmental Persistence,21,Intra-Species,7.924622
446,A/mallard/Interior Alaska/9BM1958/2009,A/mallard/Interior Alaska/9BM1962/2009,Direct Transmission,0,Intra-Species,8.0
447,A/mallard/Interior Alaska/9BM2254/2009,A/mallard/Interior Alaska/9BM1962/2009,Direct Transmission,7,Intra-Species,7.998417999999999
448,A/mallard/Interior Alaska/9BM2168/2009,A/mallard/Interior Alaska/9BM1962/2009,Direct Transmission,6,Intra-Species,7.998919
449,A/mallard/Interior Alaska/9BM1947/2009,A/mallard/Interior Alaska/9BM1962/2009,Direct Transmission,0,Intra-Species,8.0
450,A/mallard/Interior Alaska/9BM1975/2009,A/mallard/Interior Alaska/9BM1962/2009,Direct Transmission,2,Intra-Species,7.997874
451,A/northern pintail/Interior Alaska/9BM8022R0/2009,A/northern pintail/Interior Alaska/9BM7302R0/2009,Direct Transmission,2,Intra-Species,7.9927519999999985
452,A/mallard/Interior Alaska/10BM05249R0/2010(H4N6),A/mallard/Interior Alaska/10BM05247R0/2010(H4N6),Direct Transmission,0,Intra-Species,7.994897
453,A/mallard/Interior Alaska/9BM9049R0/2009,A/northern pintail/Interior Alaska/9BM8022R0/2009,Direct Transmission,2,Inter-Species,7.8900000000000015
454,A/northern pintail/Interior Alaska/9BM10749R0/2009,A/northern pintail/Interior Alaska/9BM8022R0/2009,Direct Transmission,8,Intra-Species,7.9920300000000015
455,A/mallard/Interior Alaska/9BM11015R0/2009,A/mallard/Interior Alaska/9BM10375R0/2009(H4N6),Direct Transmission,0,Intra-Species,7.998540999999999
456,A/mallard/Interior Alaska/10BM12352R0/2010(H3N8),A/mallard/Interior Alaska/10BM12350R0/2010(H3N8),Direct Transmission,0,Intra-Species,7.999351
457,A/mallard/Interior Alaska/10BM12363R0/2010(H3N8),A/mallard/Interior Alaska/10BM12350R0/2010(H3N8),Direct Transmission,0,Intra-Species,8.0
458,A/mallard/Interior Alaska/10BM12374R0/2010(H3N8),A/mallard/Interior Alaska/10BM12350R0/2010(H3N8),Direct Transmission,0,Intra-Species,8.0
459,A/mallard/Interior Alaska/10BM12383R0/2010(H3N8),A/mallard/Interior Alaska/10BM12350R0/2010(H3N8),Direct Transmission,0,Intra-Species,7.998842999999999
460,A/mallard/Interior Alaska/10BM12370R0/2010(H3N8),A/mallard/Interior Alaska/10BM12350R0/2010(H3N8),Direct Transmission,0,Intra-Species,8.0
461,A/mallard/Interior Alaska/10BM12351R0/2010(H3N8),A/mallard/Interior Alaska/10BM12350R0/2010(H3N8),Direct Transmission,0,Intra-Species,7.999425
462,A/American green-winged teal/Interior Alaska/9BM3595R1/2009(H10N7),A/mallard/Interior Alaska/9BM3361R0/2009(H10N7),Direct Transmission,2,Inter-Species,8.0
463,A/mallard/Interior Alaska/9BM3355R0/2009(H10N7),A/mallard/Interior Alaska/9BM3361R0/2009(H10N7),Direct Transmission,0,Intra-Species,7.9994130000000006
464,A/mallard/Interior Alaska/9BM3357R0/2009(H10N7),A/mallard/Interior Alaska/9BM3361R0/2009(H10N7),Direct Transmission,0,Intra-Species,8.0
465,A/mallard/Interior Alaska/9BM3379R0/2009(H10N7),A/mallard/Interior Alaska/9BM3361R0/2009(H10N7),Direct Transmission,1,Intra-Species,8.0
466,A/mallard/Interior Alaska/10CH00021R0/2010(H4N6),A/northern pintail/Interior Alaska/10BM02585R0/2010,Environmental Persistence,74,Inter-Species,7.8393640000000016
467,A/mallard/Iowa/10OS2420/2010,A/northern pintail/Interior Alaska/10BM07242R0/2010(H4N6),Environmental Persistence,48,Inter-Species,7.6201
468,A/blue-winged teal/Missouri/10MO003/2010,A/northern pintail/Interior Alaska/10BM07242R0/2010(H4N6),Environmental Persistence,45,Inter-Species,7.635135000000001
469,A/mallard/Interior Alaska/10BM06459R0/2010,A/mallard/Interior Alaska/10BM06454R0/2010,Direct Transmission,0,Intra-Species,7.999567
470,A/mallard/Interior Alaska/10BM06452R0/2010,A/mallard/Interior Alaska/10BM06454R0/2010,Direct Transmission,0,Intra-Species,8.0
471,A/mallard/Interior Alaska/10BM06456R0/2010,A/mallard/Interior Alaska/10BM06454R0/2010,Direct Transmission,0,Intra-Species,7.999414999999999
472,A/mallard/Interior Alaska/10BM06460R0/2010,A/mallard/Interior Alaska/10BM06454R0/2010,Direct Transmission,0,Intra-Species,7.998991
473,A/mallard/Interior Alaska/10BM06461R0/2010,A/mallard/Interior Alaska/10BM06454R0/2010,Direct Transmission,0,Intra-Species,8.0
474,A/mallard/Interior Alaska/10BM06450R0/2010,A/mallard/Interior Alaska/10BM06454R0/2010,Direct Transmission,0,Intra-Species,8.0
475,A/mallard/Interior Alaska/10BM06455R0/2010,A/mallard/Interior Alaska/10BM06454R0/2010,Direct Transmission,0,Intra-Species,7.999567
476,A/mallard/Interior Alaska/10BM06448R0/2010,A/mallard/Interior Alaska/10BM06454R0/2010,Direct Transmission,0,Intra-Species,8.0
477,A/mallard/Interior Alaska/10BM07777R0/2010,A/mallard/Interior Alaska/10BM06454R0/2010,Direct Transmission,4,Intra-Species,8.0
478,A/mallard/Interior Alaska/9BM9984R0/2009,A/mallard/Interior Alaska/9BM9985R0/2009,Direct Transmission,0,Intra-Species,7.998528999999999
479,A/northern pintail/Interior Alaska/9BM9989R0/2009,A/mallard/Interior Alaska/9BM9985R0/2009,Direct Transmission,0,Inter-Species,7.995627000000002
480,A/mallard/Interior Alaska/9BM9983R0/2009,A/mallard/Interior Alaska/9BM9985R0/2009,Direct Transmission,0,Intra-Species,8.0
481,A/northern pintail/Interior Alaska/9BM12211R0/2009,A/northern pintail/Interior Alaska/9BM12210R0/2009,Direct Transmission,0,Intra-Species,8.0
482,A/northern pintail/Interior Alaska/10BM08505R0/2010(H3N8),A/northern pintail/Interior Alaska/10BM08489R0/2010(H3N8),Direct Transmission,0,Intra-Species,7.998993
483,A/northern pintail/Interior Alaska/10BM08488R0/2010(H3N8),A/northern pintail/Interior Alaska/10BM08489R0/2010(H3N8),Direct Transmission,0,Intra-Species,8.0
484,A/northern pintail/Interior Alaska/10BM11672R0/2010(H3N8),A/northern pintail/Interior Alaska/10BM08489R0/2010(H3N8),Direct Transmission,9,Intra-Species,7.990596000000001
485,A/northern pintail/Interior Alaska/10BM08493R0/2010(H3N8),A/northern pintail/Interior Alaska/10BM08489R0/2010(H3N8),Direct Transmission,0,Intra-Species,7.999567999999999
486,A/American green-winged teal/Interior Alaska/10BM08134R0/2010,A/northern pintail/Interior Alaska/10BM08489R0/2010(H3N8),Direct Transmission,0,Inter-Species,7.9951050000000015
487,A/mallard/Interior Alaska/10BM06459R0/2010,A/mallard/Interior Alaska/10BM06461R0/2010,Direct Transmission,0,Intra-Species,7.999567
488,A/mallard/Interior Alaska/10BM06452R0/2010,A/mallard/Interior Alaska/10BM06461R0/2010,Direct Transmission,0,Intra-Species,8.0
489,A/mallard/Interior Alaska/10BM06454R0/2010,A/mallard/Interior Alaska/10BM06461R0/2010,Direct Transmission,0,Intra-Species,8.0
490,A/mallard/Interior Alaska/10BM06456R0/2010,A/mallard/Interior Alaska/10BM06461R0/2010,Direct Transmission,0,Intra-Species,7.999414999999999
491,A/mallard/Interior Alaska/10BM06460R0/2010,A/mallard/Interior Alaska/10BM06461R0/2010,Direct Transmission,0,Intra-Species,7.998991
492,A/mallard/Interior Alaska/10BM06450R0/2010,A/mallard/Interior Alaska/10BM06461R0/2010,Direct Transmission,0,Intra-Species,8.0
493,A/mallard/Interior Alaska/10BM06455R0/2010,A/mallard/Interior Alaska/10BM06461R0/2010,Direct Transmission,0,Intra-Species,7.999567
494,A/mallard/Interior Alaska/10BM06448R0/2010,A/mallard/Interior Alaska/10BM06461R0/2010,Direct Transmission,0,Intra-Species,8.0
495,A/mallard/Interior Alaska/10BM07777R0/2010,A/mallard/Interior Alaska/10BM06461R0/2010,Direct Transmission,4,Intra-Species,8.0
496,A/mallard/Interior Alaska/9BM3205R0/2009,A/mallard/Interior Alaska/9BM2783R0/2009,Direct Transmission,5,Intra-Species,7.994401999999999
497,A/northern pintail/Interior Alaska/9BM3859R1/2009,A/mallard/Interior Alaska/9BM2751R0/2009,Direct Transmission,9,Inter-Species,7.996464
498,A/mallard/Interior Alaska/9BM2783R0/2009,A/mallard/Interior Alaska/9BM2751R0/2009,Direct Transmission,0,Intra-Species,7.995725999999999
499,A/mallard/Interior Alaska/9BM2750R0/2009,A/mallard/Interior Alaska/9BM2751R0/2009,Direct Transmission,0,Intra-Species,7.9965670000000015
500,A/mallard/Interior Alaska/10BM12352R0/2010(H3N8),A/mallard/Interior Alaska/10BM12370R0/2010(H3N8),Direct Transmission,0,Intra-Species,7.999351
501,A/mallard/Interior Alaska/10BM12350R0/2010(H3N8),A/mallard/Interior Alaska/10BM12370R0/2010(H3N8),Direct Transmission,0,Intra-Species,8.0
502,A/mallard/Interior Alaska/10BM12363R0/2010(H3N8),A/mallard/Interior Alaska/10BM12370R0/2010(H3N8),Direct Transmission,0,Intra-Species,8.0
503,A/mallard/Interior Alaska/10BM12374R0/2010(H3N8),A/mallard/Interior Alaska/10BM12370R0/2010(H3N8),Direct Transmission,0,Intra-Species,8.0
504,A/mallard/Interior Alaska/10BM12383R0/2010(H3N8),A/mallard/Interior Alaska/10BM12370R0/2010(H3N8),Direct Transmission,0,Intra-Species,7.998842999999999
505,A/mallard/Interior Alaska/10BM12351R0/2010(H3N8),A/mallard/Interior Alaska/10BM12370R0/2010(H3N8),Direct Transmission,0,Intra-Species,7.999425
506,A/northern pintail/Interior Alaska/9BM11783R0/2009(H10N7),A/mallard/Interior Alaska/9BM3205R0/2009,Environmental Persistence,30,Inter-Species,7.988721000000001
507,A/northern pintail/Interior Alaska/9BM11317R0/2009(H10N7),A/mallard/Interior Alaska/9BM3205R0/2009,Environmental Persistence,29,Inter-Species,7.988726
508,A/mallard/Interior Alaska/9BM9601R0/2009(H10N7),A/mallard/Interior Alaska/9BM3205R0/2009,Environmental Persistence,24,Intra-Species,7.990224
509,A/northern pintail/Interior Alaska/9BM9383R0/2009(H10N7),A/mallard/Interior Alaska/9BM3205R0/2009,Environmental Persistence,23,Inter-Species,7.986298
510,A/northern pintail/Interior Alaska/9BM10287R0/2009(H10N7),A/mallard/Interior Alaska/9BM3205R0/2009,Environmental Persistence,27,Inter-Species,7.990646999999999
511,A/mallard/Interior Alaska/9BM9335R0/2009(H10N7),A/mallard/Interior Alaska/9BM3205R0/2009,Environmental Persistence,23,Intra-Species,7.940996000000001
512,A/American green-winged teal/Interior Alaska/9BM4407R0/2009(H10N7),A/mallard/Interior Alaska/9BM3205R0/2009,Direct Transmission,7,Inter-Species,7.9880559999999985
513,A/northern pintail/Interior Alaska/9BM6144R0/2009,A/northern pintail/Interior Alaska/9BM6145R0/2009,Direct Transmission,0,Intra-Species,8.0
514,A/northern pintail/Interior Alaska/9BM6146R0/2009,A/northern pintail/Interior Alaska/9BM6145R0/2009,Direct Transmission,0,Intra-Species,8.0
515,A/northern pintail/Interior Alaska/9BM9153R0/2009(H3N8),A/northern pintail/Interior Alaska/9BM7368R0/2009,Direct Transmission,5,Intra-Species,7.997714
516,A/American black duck/New Brunswick/00949/2010,A/mallard/Interior Alaska/10CH00021R0/2010(H4N6),Direct Transmission,11,Inter-Species,7.704047
517,A/northern pintail/Interior Alaska/10BM08505R0/2010(H3N8),A/northern pintail/Interior Alaska/10BM08488R0/2010(H3N8),Direct Transmission,0,Intra-Species,7.998993
518,A/northern pintail/Interior Alaska/10BM08489R0/2010(H3N8),A/northern pintail/Interior Alaska/10BM08488R0/2010(H3N8),Direct Transmission,0,Intra-Species,8.0
519,A/northern pintail/Interior Alaska/10BM11672R0/2010(H3N8),A/northern pintail/Interior Alaska/10BM08488R0/2010(H3N8),Direct Transmission,9,Intra-Species,7.990596000000001
520,A/northern pintail/Interior Alaska/10BM08493R0/2010(H3N8),A/northern pintail/Interior Alaska/10BM08488R0/2010(H3N8),Direct Transmission,0,Intra-Species,7.999567999999999
521,A/American green-winged teal/Interior Alaska/10BM08134R0/2010,A/northern pintail/Interior Alaska/10BM08488R0/2010(H3N8),Direct Transmission,0,Inter-Species,7.9951050000000015
522,A/mallard/Interior Alaska/9BM9683R2/2009,A/American green-winged teal/Interior Alaska/9BM5277R0/2009(H4N6),Direct Transmission,15,Inter-Species,7.992994
523,A/mallard/Interior Alaska/9BM1957/2009,A/mallard/Interior Alaska/9BM1856/2009,Direct Transmission,2,Intra-Species,7.998872
524,A/mallard/Interior Alaska/9BM1949/2009,A/mallard/Interior Alaska/9BM1856/2009,Direct Transmission,2,Intra-Species,7.99855
525,A/mallard/Interior Alaska/9BM1974/2009,A/mallard/Interior Alaska/9BM1856/2009,Direct Transmission,4,Intra-Species,7.999567999999999
526,A/mallard/Interior Alaska/10BM10829R0/2010,A/mallard/Interior Alaska/10BM10859R0/2010(H7N3),Direct Transmission,0,Intra-Species,8.0
527,A/mallard/Interior Alaska/10BM06459R0/2010,A/mallard/Interior Alaska/10BM06448R0/2010,Direct Transmission,0,Intra-Species,7.999567
528,A/mallard/Interior Alaska/10BM06452R0/2010,A/mallard/Interior Alaska/10BM06448R0/2010,Direct Transmission,0,Intra-Species,8.0
529,A/mallard/Interior Alaska/10BM06454R0/2010,A/mallard/Interior Alaska/10BM06448R0/2010,Direct Transmission,0,Intra-Species,8.0
530,A/mallard/Interior Alaska/10BM06456R0/2010,A/mallard/Interior Alaska/10BM06448R0/2010,Direct Transmission,0,Intra-Species,7.999414999999999
531,A/mallard/Interior Alaska/10BM06460R0/2010,A/mallard/Interior Alaska/10BM06448R0/2010,Direct Transmission,0,Intra-Species,7.998991
532,A/mallard/Interior Alaska/10BM06461R0/2010,A/mallard/Interior Alaska/10BM06448R0/2010,Direct Transmission,0,Intra-Species,8.0
533,A/mallard/Interior Alaska/10BM06450R0/2010,A/mallard/Interior Alaska/10BM06448R0/2010,Direct Transmission,0,Intra-Species,8.0
534,A/mallard/Interior Alaska/10BM06455R0/2010,A/mallard/Interior Alaska/10BM06448R0/2010,Direct Transmission,0,Intra-Species,7.999567
535,A/mallard/Interior Alaska/10BM07777R0/2010,A/mallard/Interior Alaska/10BM06448R0/2010,Direct Transmission,4,Intra-Species,8.0
536,A/northern pintail/Interior Alaska/9BM5375R0/2009,A/northern pintail/Interior Alaska/9BM5053R0/2009,Direct Transmission,1,Intra-Species,8.0
537,A/northern pintail/Interior Alaska/9BM4637R0/2009,A/northern pintail/Interior Alaska/9BM5053R0/2009,Direct Transmission,0,Intra-Species,7.99805
538,A/American green-winged teal/Interior Alaska/9BM7190R0/2009(H10N7),A/northern pintail/Interior Alaska/9BM5053R0/2009,Direct Transmission,8,Inter-Species,7.999112999999999
539,A/northern pintail/Interior Alaska/9BM6164R0/2009(H10N7),A/northern pintail/Interior Alaska/9BM5053R0/2009,Direct Transmission,4,Intra-Species,7.99695
540,A/blue-winged teal/Wisconsin/2753/2009,A/American green-winged teal/Interior Alaska/9BM8129R0/2009,Environmental Persistence,76,Inter-Species,7.727762999999999
541,A/northern pintail/Interior Alaska/9BM7972R0/2009,A/American green-winged teal/Interior Alaska/9BM8129R0/2009,Direct Transmission,0,Inter-Species,7.997256
542,A/northern pintail/Interior Alaska/10BM10480R0/2010,A/northern pintail/Interior Alaska/9BM8907R0/2009,Environmental Persistence,363,Intra-Species,7.975144999999999
543,A/northern pintail/Interior Alaska/9BM10987R0/2009(H3N8),A/northern pintail/Interior Alaska/9BM8907R0/2009,Direct Transmission,6,Intra-Species,7.998703
544,A/northern pintail/Interior Alaska/9BM9611R0/2009,A/northern pintail/Interior Alaska/9BM8553R0/2009,Direct Transmission,3,Intra-Species,7.998248999999999
545,A/mallard/Interior Alaska/10BM06447R0/2010,A/mallard/Interior Alaska/10BM05968R0/2010,Direct Transmission,3,Intra-Species,7.892493999999999
546,A/northern pintail/Interior Alaska/10BM06872R0/2010,A/mallard/Interior Alaska/10BM05968R0/2010,Direct Transmission,4,Inter-Species,7.9897300000000016
547,A/American green-winged teal/Interior Alaska/10BM07649R0/2010,A/mallard/Interior Alaska/10BM05968R0/2010,Direct Transmission,6,Inter-Species,7.9901110000000015
548,A/northern pintail/Interior Alaska/10BM07597R0/2010(H3N8),A/mallard/Interior Alaska/10BM05968R0/2010,Direct Transmission,6,Inter-Species,7.986763000000002
549,A/American green-winged teal/Interior Alaska/9BM8129R0/2009,A/northern pintail/Interior Alaska/9BM7972R0/2009,Direct Transmission,0,Inter-Species,7.997256
550,A/American green-winged teal/Interior Alaska/9BM6258R0/2009,A/northern pintail/Interior Alaska/9BM6094R0/2009,Direct Transmission,1,Inter-Species,7.996753
551,A/northern pintail/Interior Alaska/9BM10813R0/2009,A/northern pintail/Interior Alaska/9BM6094R0/2009,Direct Transmission,15,Intra-Species,7.9967320000000015
552,A/mallard/Interior Alaska/9BM10095R0/2009(H4N6),A/northern pintail/Interior Alaska/9BM6094R0/2009,Direct Transmission,13,Inter-Species,7.995796
553,A/northern pintail/Interior Alaska/9BM6095R0/2009,A/northern pintail/Interior Alaska/9BM6094R0/2009,Direct Transmission,0,Intra-Species,8.0
554,A/northern pintail/Interior Alaska/9BM9129R0/2009(H10N7),A/northern pintail/Interior Alaska/9BM4989R0/2009,Direct Transmission,14,Intra-Species,7.996736999999999
555,A/northern pintail/Interior Alaska/9BM4991R0/2009,A/northern pintail/Interior Alaska/9BM4989R0/2009,Direct Transmission,0,Intra-Species,7.999567999999999
556,A/mallard/Interior Alaska/10BM12177R0/2010,A/northern pintail/Interior Alaska/10BM12163R0/2010(H3N8),Direct Transmission,0,Inter-Species,7.998982000000002
557,A/northern pintail/Interior Alaska/9BM4583R0/2009,A/northern pintail/Interior Alaska/9BM4660R0/2009,Direct Transmission,0,Intra-Species,7.965413000000002
558,A/northern pintail/Interior Alaska/9BM7496R0/2009,A/northern pintail/Interior Alaska/9BM4660R0/2009,Direct Transmission,10,Intra-Species,7.988666999999999
559,A/northern pintail/Interior Alaska/9BM4641R0/2009,A/northern pintail/Interior Alaska/9BM4660R0/2009,Direct Transmission,0,Intra-Species,7.997361
560,A/northern shoveler/Interior Alaska/9BM4905R0/2009,A/northern pintail/Interior Alaska/9BM4660R0/2009,Direct Transmission,0,Inter-Species,7.993804000000001
561,A/northern pintail/Interior Alaska/9BM7934R0/2009,A/northern pintail/Interior Alaska/9BM4660R0/2009,Direct Transmission,10,Intra-Species,7.990044
562,A/American green-winged teal/Interior Alaska/9BM5041R0/2009(H4N6),A/northern pintail/Interior Alaska/9BM4660R0/2009,Direct Transmission,0,Inter-Species,7.993006000000001
563,A/northern pintail/Interior Alaska/9BM7232R0/2009,A/northern pintail/Interior Alaska/9BM4660R0/2009,Direct Transmission,8,Intra-Species,7.9909050000000015
564,A/mallard/Interior Alaska/10BM11421R0/2010,A/northern pintail/Interior Alaska/10BM10928R0/2010(H3N8),Direct Transmission,1,Inter-Species,8.0
565,A/northern pintail/Interior Alaska/10BM00849R2/2010,A/northern pintail/Interior Alaska/9BM8448R0/2009(H3N1),Environmental Persistence,286,Intra-Species,7.9979359999999975
566,A/mallard/Interior Alaska/9BM9755R0/2009,A/northern pintail/Interior Alaska/9BM8448R0/2009(H3N1),Direct Transmission,4,Inter-Species,8.0
567,A/mallard/Interior Alaska/10BM09570R0/2010(H4N6),A/mallard/Interior Alaska/10BM09562R0/2010(H4N6),Direct Transmission,0,Intra-Species,7.999535000000002
568,A/mallard/Interior Alaska/9BM2250R0/2009,A/mallard/Interior Alaska/9BM2241R1/2009,Direct Transmission,0,Intra-Species,8.0
569,A/mallard/Interior Alaska/9BM2241R1/2009,A/mallard/Interior Alaska/9BM2250R0/2009,Direct Transmission,0,Intra-Species,8.0
570,A/mallard/Interior Alaska/9BM2252/2009,A/mallard/Interior Alaska/9BM2170/2009,Direct Transmission,1,Intra-Species,7.998963000000002
571,A/mallard/Interior Alaska/9BM2256/2009,A/mallard/Interior Alaska/9BM2170/2009,Direct Transmission,1,Intra-Species,7.999547
572,A/mallard/Interior Alaska/9BM2243/2009,A/mallard/Interior Alaska/9BM2170/2009,Direct Transmission,1,Intra-Species,7.999093999999999
573,A/northern pintail/Interior Alaska/9BM5698R0/2009,A/northern pintail/Interior Alaska/9BM4410R1/2009,Direct Transmission,3,Intra-Species,7.998229999999999
574,A/northern pintail/Interior Alaska/9BM4666R0/2009,A/northern pintail/Interior Alaska/9BM4410R1/2009,Direct Transmission,1,Intra-Species,7.999302
575,A/northern pintail/Interior Alaska/10BM07106R0/2010(H7N3),A/mallard/Interior Alaska/10BM06905R0/2010,Direct Transmission,1,Inter-Species,7.998714
576,A/northern pintail/Interior Alaska/10BM06895R0/2010,A/mallard/Interior Alaska/10BM06905R0/2010,Direct Transmission,0,Inter-Species,7.9991330000000005
577,A/mallard/Interior Alaska/10BM07092R0/2010(H7N3),A/mallard/Interior Alaska/10BM06905R0/2010,Direct Transmission,1,Intra-Species,8.0
578,A/mallard/Interior Alaska/10BM06909R0/2010,A/mallard/Interior Alaska/10BM06905R0/2010,Direct Transmission,0,Intra-Species,7.9982349999999975
579,A/northern pintail/Interior Alaska/10BM07114R0/2010(H7N3),A/mallard/Interior Alaska/10BM06905R0/2010,Direct Transmission,1,Inter-Species,8.0
580,A/mallard/Interior Alaska/10BM06911R0/2010,A/mallard/Interior Alaska/10BM06905R0/2010,Direct Transmission,0,Intra-Species,8.0
581,A/mallard/Interior Alaska/10BM08100R0/2010(H7N3),A/mallard/Interior Alaska/10BM06905R0/2010,Direct Transmission,4,Intra-Species,7.9977839999999984
582,A/northern pintail/Interior Alaska/10BM07458R0/2010(H7N3),A/mallard/Interior Alaska/10BM06905R0/2010,Direct Transmission,2,Inter-Species,7.996106
583,A/northern pintail/Interior Alaska/10BM06899R0/2010,A/mallard/Interior Alaska/10BM06905R0/2010,Direct Transmission,0,Inter-Species,8.0
584,A/northern pintail/Interior Alaska/10BM08705R0/2010(H7N3),A/mallard/Interior Alaska/10BM06905R0/2010,Direct Transmission,5,Inter-Species,7.995617
585,A/northern pintail/Interior Alaska/10BM07737R0/2010(H7N3),A/mallard/Interior Alaska/10BM06905R0/2010,Direct Transmission,3,Inter-Species,7.99552
586,A/mallard/Interior Alaska/10BM05337R0/2010(H4N6),A/mallard/Interior Alaska/10BM05249R0/2010(H4N6),Direct Transmission,1,Intra-Species,7.997160000000001
587,A/northern shoveler/Interior Alaska/10BM05408R0/2010,A/mallard/Interior Alaska/10BM05249R0/2010(H4N6),Direct Transmission,2,Inter-Species,7.996676
588,A/mallard/Interior Alaska/10BM05247R0/2010(H4N6),A/mallard/Interior Alaska/10BM05249R0/2010(H4N6),Direct Transmission,0,Intra-Species,7.994897
589,A/mallard/Interior Alaska/10BM10173R0/2010,A/mallard/Interior Alaska/10BM10176R0/2010,Direct Transmission,0,Intra-Species,7.9991020000000015
590,A/American green-winged teal/Interior Alaska/9BM6223R0/2009(H10N7),A/northern pintail/Interior Alaska/9BM5376R0/2009,Direct Transmission,4,Inter-Species,7.999567999999999
591,A/northern pintail/Interior Alaska/9BM6229R0/2009(H10N7),A/northern pintail/Interior Alaska/9BM5376R0/2009,Direct Transmission,4,Intra-Species,7.999567999999999
592,A/American green-winged teal/Interior Alaska/9BM6225R0/2009(H10N7),A/northern pintail/Interior Alaska/9BM5376R0/2009,Direct Transmission,4,Inter-Species,7.999567999999999
593,A/northern pintail/Interior Alaska/9BM6165R0/2009(H10N7),A/northern pintail/Interior Alaska/9BM5376R0/2009,Direct Transmission,3,Intra-Species,7.998966
594,A/northern pintail/Interior Alaska/9BM7696R0/2009(H10N7),A/northern pintail/Interior Alaska/9BM5376R0/2009,Direct Transmission,9,Intra-Species,7.999567999999999
595,A/northern pintail/Interior Alaska/9BM5554R0/2009,A/northern pintail/Interior Alaska/9BM5376R0/2009,Direct Transmission,1,Intra-Species,7.9989789999999985
596,A/northern pintail/Interior Alaska/9BM8084R0/2009(H10N7),A/northern pintail/Interior Alaska/9BM5376R0/2009,Direct Transmission,10,Intra-Species,7.9975710000000015
597,A/American green-winged teal/Interior Alaska/9BM6702R0/2009(H10N7),A/northern pintail/Interior Alaska/9BM5376R0/2009,Direct Transmission,5,Inter-Species,7.997528
598,A/American green-winged teal/Interior Alaska/9BM6222R0/2009(H10N7),A/northern pintail/Interior Alaska/9BM5376R0/2009,Direct Transmission,4,Inter-Species,7.999567999999999
599,A/northern pintail/Interior Alaska/9BM5941R0/2009(H10N7),A/northern pintail/Interior Alaska/9BM5376R0/2009,Direct Transmission,2,Intra-Species,7.9993490000000005
600,A/northern pintail/Interior Alaska/9BM9005R0/2009(H10N7),A/northern pintail/Interior Alaska/9BM5376R0/2009,Direct Transmission,12,Intra-Species,7.995278
601,A/mallard/Interior Alaska/9BM10563R2/2009,A/northern pintail/Interior Alaska/9BM7620R0/2009,Direct Transmission,8,Inter-Species,7.9804650000000015
602,A/northern pintail/Interior Alaska/9BM8815R0/2009,A/northern pintail/Interior Alaska/9BM7620R0/2009,Direct Transmission,3,Intra-Species,7.9983119999999985
603,A/mallard/Interior Alaska/9BM6886R0/2009,A/northern pintail/Interior Alaska/9BM7620R0/2009,Direct Transmission,2,Inter-Species,7.994963
604,A/mallard/Interior Alaska/10BM05968R0/2010,A/mallard/Interior Alaska/10BM05797R0/2010(H3N8),Direct Transmission,1,Intra-Species,7.9837240000000005
605,A/mallard/Interior Alaska/10BM10000R0/2010,A/mallard/Interior Alaska/10BM05797R0/2010(H3N8),Direct Transmission,13,Intra-Species,7.990054999999999
606,A/northern pintail/Interior Alaska/9BM7118R1/2009,A/northern pintail/Interior Alaska/9BM7050R0/2009,Direct Transmission,0,Intra-Species,7.994495
607,A/northern pintail/Interior Alaska/9BM7055R0/2009,A/northern pintail/Interior Alaska/9BM7050R0/2009,Direct Transmission,0,Intra-Species,8.0
608,A/northern pintail/Interior Alaska/9BM7069R0/2009,A/northern pintail/Interior Alaska/9BM7050R0/2009,Direct Transmission,0,Intra-Species,7.998411999999999
609,A/northern pintail/Interior Alaska/9BM7044R0/2009,A/northern pintail/Interior Alaska/9BM7050R0/2009,Direct Transmission,0,Intra-Species,7.9978729999999985
610,A/northern pintail/Interior Alaska/9BM7108R2/2009(H3N8),A/northern pintail/Interior Alaska/9BM7050R0/2009,Direct Transmission,0,Intra-Species,7.999567
611,A/northern pintail/Interior Alaska/9BM7368R0/2009,A/northern pintail/Interior Alaska/9BM7050R0/2009,Direct Transmission,1,Intra-Species,7.994407000000002
612,A/northern pintail/Interior Alaska/9BM7052R0/2009,A/northern pintail/Interior Alaska/9BM7050R0/2009,Direct Transmission,0,Intra-Species,7.992590999999999
613,A/mallard/Interior Alaska/9BM1799/2009,A/mallard/Interior Alaska/9BM1585R1/2009,Direct Transmission,7,Intra-Species,7.999346000000001
614,A/northern pintail/Interior Alaska/9BM10969R0/2009(H3N8),A/northern pintail/Interior Alaska/9BM9611R0/2009,Direct Transmission,4,Intra-Species,8.0
615,A/mallard/Interior Alaska/10BM09164R0/2010(H3N8),A/northern pintail/Interior Alaska/10BM09101R0/2010,Direct Transmission,1,Inter-Species,7.999425
616,A/mallard/Interior Alaska/10BM09162R0/2010(H3N8),A/northern pintail/Interior Alaska/10BM09101R0/2010,Direct Transmission,1,Inter-Species,7.9991020000000015
617,A/northern pintail/Interior Alaska/10BM09102R0/2010,A/northern pintail/Interior Alaska/10BM09101R0/2010,Direct Transmission,0,Intra-Species,8.0
618,A/mallard/Interior Alaska/10CH00035R0/2010(H3N8),A/northern pintail/Interior Alaska/10BM09101R0/2010,Environmental Persistence,31,Inter-Species,7.9951729999999985
619,A/mallard/Interior Alaska/10BM09159R0/2010(H3N8),A/northern pintail/Interior Alaska/10BM09101R0/2010,Direct Transmission,1,Inter-Species,7.997975
620,A/mallard/Interior Alaska/10BM09158R0/2010(H3N8),A/northern pintail/Interior Alaska/10BM09101R0/2010,Direct Transmission,1,Inter-Species,7.998703
621,A/northern pintail/Interior Alaska/10BM09105R0/2010,A/northern pintail/Interior Alaska/10BM09101R0/2010,Direct Transmission,0,Intra-Species,7.997835
622,A/northern pintail/Interior Alaska/10BM08920R0/2010,A/northern pintail/Interior Alaska/10BM09101R0/2010,Direct Transmission,0,Intra-Species,7.992619
623,A/northern pintail/Interior Alaska/10BM09104R0/2010,A/northern pintail/Interior Alaska/10BM09101R0/2010,Direct Transmission,0,Intra-Species,8.0
624,A/mallard/Interior Alaska/10BM12352R0/2010(H3N8),A/mallard/Interior Alaska/10BM12374R0/2010(H3N8),Direct Transmission,0,Intra-Species,7.999351
625,A/mallard/Interior Alaska/10BM12350R0/2010(H3N8),A/mallard/Interior Alaska/10BM12374R0/2010(H3N8),Direct Transmission,0,Intra-Species,8.0
626,A/mallard/Interior Alaska/10BM12363R0/2010(H3N8),A/mallard/Interior Alaska/10BM12374R0/2010(H3N8),Direct Transmission,0,Intra-Species,8.0
627,A/mallard/Interior Alaska/10BM12383R0/2010(H3N8),A/mallard/Interior Alaska/10BM12374R0/2010(H3N8),Direct Transmission,0,Intra-Species,7.998842999999999
628,A/mallard/Interior Alaska/10BM12370R0/2010(H3N8),A/mallard/Interior Alaska/10BM12374R0/2010(H3N8),Direct Transmission,0,Intra-Species,8.0
629,A/mallard/Interior Alaska/10BM12351R0/2010(H3N8),A/mallard/Interior Alaska/10BM12374R0/2010(H3N8),Direct Transmission,0,Intra-Species,7.999425
630,A/northern pintail/Interior Alaska/9BM5376R0/2009,A/northern pintail/Interior Alaska/9BM4666R0/2009,Direct Transmission,1,Intra-Species,7.999567999999999
631,A/northern pintail/Interior Alaska/9BM5053R0/2009,A/northern pintail/Interior Alaska/9BM4666R0/2009,Direct Transmission,0,Intra-Species,7.999134
632,A/northern pintail/Interior Alaska/9BM4646R0/2009,A/northern pintail/Interior Alaska/9BM4666R0/2009,Direct Transmission,0,Intra-Species,7.998108999999999
